playerid,still_active,first_match,last_match,n_matches,n_active_days,observed_activity_span_days,days_since_last_match,matches_per_active_day,median_gap_days,n_decided,n_wins,n_losses,win_rate,win_loss_ratio,n_stat_matches,total_kills,total_deaths,avg_kills,avg_deaths,kd_ratio,max_victory_streak,max_defeat_streak,ranked_share,n_gamemodes
00229b3f-4e74-4e8d-b6ce-37df9a851cb7,False,2025-03-07 16:49:44.910000+00:00,2025-06-29 12:56:21.419000+00:00,24,5,113.83792255787037,247.04026355324075,4.8,0.02380880787037037,24,13,11,0.5416666666666666,1.1818181818181819,24,50.0,111.0,2.0833333333333335,4.625,0.45045045045045046,9,4,0.5,3
002bbbc5-5078-436e-ad52-e8af9bdbd4a8,True,2025-03-07 01:39:22.080000+00:00,2026-03-01 17:22:08.138000+00:00,119,41,359.65469974537035,1.8556950462962962,2.902439024390244,0.0283122974537037,119,50,69,0.42016806722689076,0.7246376811594203,119,437.0,538.0,3.672268907563025,4.5210084033613445,0.8122676579925651,6,6,0.9243697478991597,2
00460d80-da57-4551-9cdd-f292ea93a66a,False,2025-03-05 07:20:53.349000+00:00,2026-01-22 23:13:43.175000+00:00,4,2,323.66168780092596,39.611539525462966,2.0,0.43408763888888885,4,3,1,0.75,3.0,4,14.0,12.0,3.5,3.0,1.1666666666666667,3,1,0.0,2
0051177e-b731-4c60-a75a-9a7e8fba7fde,False,2025-05-09 01:56:44.356000+00:00,2025-12-01 02:39:35.614000+00:00,111,30,206.02975993055557,92.46857148148149,3.7,0.015585092592592593,111,49,62,0.44144144144144143,0.7903225806451613,111,185.0,312.0,1.6666666666666667,2.810810810810811,0.592948717948718,6,12,0.13513513513513514,3
007775a1-5302-4c7f-a366-a3e31b57c978,False,2025-03-05 07:16:49.525000+00:00,2025-12-19 07:58:57.486000+00:00,402,59,289.02925880787035,74.24679055555555,6.813559322033898,0.01994775462962963,401,202,199,0.5037406483790524,1.015075376884422,397,1588.0,1660.0,4.0,4.181360201511335,0.9566265060240964,8,7,0.9502487562189055,3
00f2d75c-7aeb-465b-8d82-7085837cade3,True,2025-06-11 05:45:08.995000+00:00,2025-06-11 05:45:08.995000+00:00,1,1,0.0,265.3397129050926,1.0,,1,0,1,0.0,0.0,1,0.0,3.0,0.0,3.0,0.0,0,1,0.0,1
01b69948-5ff4-4394-8d77-a0104e86b2c9,False,2025-05-19 23:46:27.353000+00:00,2025-07-08 00:46:02.300000+00:00,13,4,49.041376701388884,238.54742928240742,3.25,0.010347418981481482,13,7,6,0.5384615384615384,1.1666666666666667,13,7.0,46.0,0.5384615384615384,3.5384615384615383,0.15217391304347827,2,3,0.0,2
01c2b8de-731f-42c6-9050-fda1b1d353f1,True,2025-03-11 23:21:27.659000+00:00,2026-01-21 04:55:40.687000+00:00,33,19,315.2320952314815,41.37406832175926,1.736842105263158,0.9771451041666667,33,17,16,0.5151515151515151,1.0625,33,77.0,96.0,2.3333333333333335,2.909090909090909,0.8020833333333334,4,3,0.0,2
02220f43-67d7-4cc0-8b44-0c938346c325,False,2026-01-06 23:54:23.647000+00:00,2026-01-07 01:34:02.383000+00:00,4,2,0.06919833333333333,55.514094988425924,2.0,0.011894351851851852,4,2,2,0.5,1.0,4,11.0,9.0,2.75,2.25,1.2222222222222223,2,1,0.0,1
027c9052-e0a2-4226-a345-ef301a1e43d6,False,2025-04-13 16:33:19.161000+00:00,2025-04-13 16:52:00.647000+00:00,2,1,0.012980162037037038,323.87661508101854,2.0,0.012980162037037038,2,1,1,0.5,1.0,2,7.0,9.0,3.5,4.5,0.7777777777777778,1,1,0.0,1
03244b3a-2baa-4ebd-ac02-b71667723263,True,2025-04-23 23:01:34.407000+00:00,2026-01-25 22:31:10.014000+00:00,35,14,276.9788843402778,36.64109,2.5,0.031554704861111116,35,22,13,0.6285714285714286,1.6923076923076923,35,112.0,128.0,3.2,3.657142857142857,0.875,6,3,0.0,2
0396587a-986b-4346-b64c-8f4e385cbf63,False,2026-01-24 00:17:20.558000+00:00,2026-01-24 01:24:37.625000+00:00,5,1,0.0467253125,38.520631539351854,5.0,0.011509537037037037,5,4,1,0.8,4.0,5,6.0,15.0,1.2,3.0,0.4,4,1,0.0,1
03b78c22-2b26-4195-9597-2a3b01cc5bd2,True,2025-03-05 22:02:15.924000+00:00,2026-03-02 21:31:37.021000+00:00,306,97,361.97871640046293,0.6824440856481482,3.154639175257732,0.0871475,306,168,138,0.5490196078431373,1.2173913043478262,306,934.0,956.0,3.052287581699346,3.1241830065359477,0.9769874476987448,14,6,0.03594771241830065,3
03c3df1d-4258-46c6-a2db-ec63fd999094,True,2025-03-20 14:05:56.137000+00:00,2026-03-01 20:36:18.812000+00:00,634,101,346.271095775463,1.7208492824074073,6.2772277227722775,0.01923679398148148,634,304,330,0.4794952681388013,0.9212121212121213,634,2416.0,2524.0,3.810725552050473,3.9810725552050474,0.9572107765451664,7,9,0.6293375394321766,3
046495af-79e1-4681-a5c5-74917b68b296,True,2025-03-09 02:13:33.917000+00:00,2025-08-16 03:19:55.599000+00:00,71,27,160.0460842824074,199.44056239583333,2.6296296296296298,0.02318541087962963,71,36,35,0.5070422535211268,1.0285714285714285,71,253.0,272.0,3.563380281690141,3.8309859154929575,0.9301470588235294,11,8,0.9014084507042254,3
04964954-a0f6-4749-aefc-f76c4d1c13f4,False,2025-03-05 05:11:05.278000+00:00,2026-01-08 21:10:03.308000+00:00,1166,128,309.6659494212963,53.69741761574074,9.109375,0.016520694444444442,1163,454,709,0.3903697334479794,0.6403385049365303,1166,4289.0,3417.0,3.6783876500857633,2.9305317324185247,1.2551946151594966,7,20,0.5034305317324185,3
04e012be-e031-4fc2-8f46-73a646328c7d,True,2025-03-05 02:35:59.867000+00:00,2026-03-03 04:24:30.229000+00:00,830,230,363.07535141203704,0.3957171412037037,3.608695652173913,0.023438333333333332,829,465,364,0.5609167671893848,1.2774725274725274,827,4288.0,3277.0,5.185006045949214,3.962515114873035,1.308513884650595,8,7,0.5385542168674698,3
04e6c354-8bd5-44d3-8bcc-006cb8f22d5b,True,2025-06-11 14:25:51.012000+00:00,2025-08-12 20:19:38.879000+00:00,193,21,62.24569290509259,202.73242258101854,9.19047619047619,0.012651562499999998,193,96,97,0.49740932642487046,0.9896907216494846,193,447.0,557.0,2.316062176165803,2.8860103626943006,0.8025134649910234,6,6,0.0,2
05aea971-bd23-4cdb-833f-a707a50fd368,True,2025-03-06 00:16:23.610000+00:00,2026-03-01 21:11:14.813000+00:00,715,149,360.87142596064814,1.6965900115740742,4.798657718120805,0.020926244212962963,714,385,329,0.5392156862745098,1.1702127659574468,715,2798.0,2826.0,3.913286713286713,3.9524475524475524,0.9900920028308563,10,8,0.958041958041958,3
05d0292e-0cfa-4122-a7dc-d338269e590f,True,2025-03-23 05:26:07.373000+00:00,2025-12-18 03:20:52.107000+00:00,80,24,269.91301775462966,75.43990836805555,3.3333333333333335,0.0203584375,80,35,45,0.4375,0.7777777777777778,77,264.0,301.0,3.4285714285714284,3.909090909090909,0.8770764119601329,4,6,0.5875,3
05fe8f9e-73fa-41fe-9ba0-0c7795cfc64b,False,2025-06-17 02:06:39.719000+00:00,2025-06-26 03:58:05.791000+00:00,91,7,9.077385092592593,250.41405554398148,13.0,0.012130462962962964,91,43,48,0.4725274725274725,0.8958333333333334,91,275.0,259.0,3.021978021978022,2.8461538461538463,1.0617760617760619,4,5,0.0,2
062c16b7-d16e-47a2-b8bb-cfb24798a77c,True,2025-06-12 09:25:26.417000+00:00,2026-01-23 08:25:55.502000+00:00,89,9,224.95866996527778,39.22806351851852,9.88888888888889,0.014792569444444445,89,34,55,0.38202247191011235,0.6181818181818182,89,188.0,312.0,2.1123595505617976,3.50561797752809,0.6025641025641025,3,14,0.0,2
06e829f1-cb4b-4bf1-bdf5-a25fc0e27493,False,2025-11-22 20:01:38.186000+00:00,2025-11-22 20:10:45.460000+00:00,2,1,0.006334189814814815,100.73859641203704,2.0,0.006334189814814815,2,1,1,0.5,1.0,2,4.0,3.0,2.0,1.5,1.3333333333333333,1,1,0.0,1
072baecc-162c-41a2-8244-0ba151117b4a,True,2025-08-08 11:49:22.547000+00:00,2025-08-08 11:49:22.547000+00:00,1,1,0.0,207.08677827546296,1.0,,1,1,0,1.0,,1,0.0,1.0,0.0,1.0,0.0,1,0,0.0,1
0759b097-cae8-4d54-8490-6ec35b0013a3,True,2025-03-05 03:27:56.528000+00:00,2026-03-03 01:35:16.437000+00:00,201,62,362.9217582060185,0.5132378819444444,3.2419354838709675,0.015001180555555556,201,99,102,0.4925373134328358,0.9705882352941176,201,301.0,677.0,1.4975124378109452,3.3681592039800994,0.4446085672082718,10,5,0.12437810945273632,3
077140b1-7809-499f-98e7-a13a86284862,False,2025-08-12 16:57:57.953000+00:00,2025-09-09 16:22:00.439000+00:00,63,11,27.97502877314815,174.89745082175926,5.7272727272727275,0.012470445601851853,63,26,37,0.4126984126984127,0.7027027027027027,63,100.0,200.0,1.5873015873015872,3.1746031746031744,0.5,4,4,0.0,1
07b18e9a-5c3b-4e7c-959c-74d1f9ab92c1,False,2025-03-09 18:13:55.225000+00:00,2025-04-27 20:59:25.189000+00:00,12,4,49.11493013888889,309.7048032523148,3.0,0.02336505787037037,12,7,5,0.5833333333333334,1.4,12,47.0,50.0,3.9166666666666665,4.166666666666667,0.94,2,1,1.0,1
0825f9b6-0424-4f9d-90bb-c7b37b6572cc,True,2025-12-08 21:21:59.059000+00:00,2026-02-23 04:02:13.591000+00:00,40,8,76.27794597222221,8.411187488425927,5.0,0.020620300925925927,40,33,7,0.825,4.714285714285714,40,211.0,138.0,5.275,3.45,1.5289855072463767,13,3,0.9,3
0883786e-322e-426e-9fff-11f36c186ba2,False,2025-12-13 20:15:58.884000+00:00,2025-12-14 04:30:53.946000+00:00,5,2,0.34369284722222226,79.39127597222222,2.5,0.05976614583333333,5,1,4,0.2,0.25,5,3.0,12.0,0.6,2.4,0.25,1,2,0.0,1
09ce5f1d-5f00-4821-ae50-1f4b6fba363a,False,2025-06-02 03:11:08.592000+00:00,2026-01-17 03:45:11.099000+00:00,154,17,229.02364012731482,45.42302188657408,9.058823529411764,0.009205775462962962,154,76,78,0.4935064935064935,0.9743589743589743,154,390.0,428.0,2.5324675324675323,2.779220779220779,0.9112149532710281,6,5,0.22727272727272727,2
09d69e0b-5637-4c0b-bc7b-6341df4bd6a7,True,2026-02-08 19:27:45.860000+00:00,2026-02-14 16:28:53.957000+00:00,54,7,5.875788159722222,16.892664733796295,7.714285714285714,0.021363078703703704,54,28,26,0.5185185185185185,1.0769230769230769,54,282.0,174.0,5.222222222222222,3.2222222222222223,1.6206896551724137,5,4,0.9629629629629629,2
0a12e540-cb19-48b4-90be-ce1bf2a110f9,False,2025-05-13 02:37:17.296000+00:00,2025-05-20 00:01:11.751000+00:00,4,2,6.891602488425925,287.5785698958333,2.0,0.018973391203703702,4,4,0,1.0,,4,8.0,9.0,2.0,2.25,0.8888888888888888,4,0,0.0,1
0a9741ce-8b4a-4556-84e1-a8f88d8ca82e,True,2025-04-02 10:59:50.212000+00:00,2026-02-26 15:48:37.721000+00:00,109,35,330.2005498726852,4.920630428240741,3.1142857142857143,0.013357372685185186,109,49,60,0.44954128440366975,0.8166666666666667,109,286.0,258.0,2.623853211009174,2.36697247706422,1.1085271317829457,4,8,0.11009174311926606,3
0bceddf4-9c47-4a58-a95a-b4d0f493ef6a,True,2025-08-04 02:12:51.691000+00:00,2025-08-20 15:08:31.187000+00:00,6,3,16.538651574074073,194.9484838310185,2.0,0.5224015162037037,6,4,2,0.6666666666666666,2.0,6,0.0,20.0,0.0,3.3333333333333335,0.0,4,2,0.0,1
0be53b72-5bb0-49e2-9f45-942168dfa03d,True,2025-03-14 04:18:59.309000+00:00,2025-04-21 04:45:29.414000+00:00,42,17,38.01840399305556,316.38114324074076,2.4705882352941178,0.020266689814814814,42,13,29,0.30952380952380953,0.4482758620689655,42,102.0,194.0,2.4285714285714284,4.619047619047619,0.5257731958762887,2,6,0.6428571428571429,2
0bea0c0c-12de-4b0a-80c1-30242b623581,False,2025-05-09 22:37:40.670000+00:00,2025-06-20 16:08:23.461000+00:00,23,5,41.72966193287037,255.90690658564813,4.6,0.010496915509259259,23,11,12,0.4782608695652174,0.9166666666666666,23,24.0,54.0,1.0434782608695652,2.347826086956522,0.4444444444444444,5,6,0.0,1
0c28588a-e95f-4f81-b74b-47a07bb1569c,True,2025-03-28 02:39:14.928000+00:00,2025-08-30 00:19:58.773000+00:00,155,40,154.90328524305556,185.56552565972223,3.875,0.027954976851851852,155,93,62,0.6,1.5,155,863.0,574.0,5.567741935483871,3.703225806451613,1.5034843205574913,7,8,0.9225806451612903,3
0c549aaa-42b2-4cf8-83dd-532181f5509f,False,2025-04-14 02:35:30.959000+00:00,2025-04-14 03:08:07.619000+00:00,2,1,0.02264652777777778,323.44875660879626,2.0,0.02264652777777778,2,0,2,0.0,0.0,2,2.0,4.0,1.0,2.0,0.5,0,2,0.0,2
0ca5aa2f-929f-45d9-ab13-9523d0e020fd,True,2025-03-22 03:29:28.977000+00:00,2026-02-16 21:33:49.585000+00:00,86,43,331.75301629629627,14.680909780092593,2.0,0.7364302777777778,86,47,39,0.5465116279069767,1.205128205128205,86,373.0,321.0,4.337209302325581,3.7325581395348837,1.161993769470405,4,4,0.8488372093023255,2
0cac7ba5-6dd5-477e-adf6-bcfb7859dd25,False,2025-03-04 18:58:19.207000+00:00,2025-09-05 17:37:18.649000+00:00,53,17,184.94374354166666,178.84515672453702,3.1176470588235294,0.018549282407407407,52,31,21,0.5961538461538461,1.4761904761904763,53,171.0,205.0,3.2264150943396226,3.8679245283018866,0.8341463414634146,4,4,0.0,2
0d4d5a71-0fb8-467b-8522-6f9b68bb5a28,False,2025-11-03 03:12:27.617000+00:00,2025-12-27 12:08:54.173000+00:00,109,25,54.37252958333333,66.07321778935186,4.36,0.03230213541666667,109,59,50,0.5412844036697247,1.18,101,331.0,456.0,3.277227722772277,4.514851485148514,0.7258771929824561,8,4,0.981651376146789,2
0d58afe1-dee3-4de9-a59e-77138010b7f5,True,2025-03-23 02:50:18.659000+00:00,2026-03-01 07:27:08.438000+00:00,142,28,343.1922428125,2.2688860185185185,5.071428571428571,0.020972037037037036,142,70,72,0.49295774647887325,0.9722222222222222,142,487.0,467.0,3.4295774647887325,3.288732394366197,1.0428265524625269,12,9,0.676056338028169,3
0d7e1f17-46e1-4d22-801c-03d2d0b97d46,False,2025-04-29 03:24:08.260000+00:00,2025-11-16 07:10:14.377000+00:00,3,2,201.15701524305555,107.28062283564813,1.5,100.57850762152776,3,1,2,0.3333333333333333,0.5,3,5.0,9.0,1.6666666666666667,3.0,0.5555555555555556,1,1,0.0,2
0e7bef54-3d8b-460d-a2dd-0d3f3a9f8cb9,True,2025-10-31 14:22:54.779000+00:00,2025-11-18 20:21:29.192000+00:00,69,13,18.249009409722223,104.73114581018518,5.3076923076923075,0.012456203703703704,69,27,42,0.391304347826087,0.6428571428571429,69,87.0,196.0,1.2608695652173914,2.8405797101449277,0.44387755102040816,4,5,0.0,2
0ee01a87-cf89-489d-b506-08f96e7086dd,True,2025-04-13 18:17:43.578000+00:00,2026-03-02 01:46:56.770000+00:00,83,28,322.31195824074075,1.505132175925926,2.9642857142857144,0.028200694444444445,83,46,37,0.5542168674698795,1.2432432432432432,83,357.0,346.0,4.301204819277109,4.168674698795181,1.0317919075144508,5,5,0.9759036144578314,2
0f645c53-0541-4401-87a0-3d1ee07bd323,True,2026-01-26 20:40:05.973000+00:00,2026-02-21 15:07:35.083000+00:00,46,11,25.769086921296296,9.94913318287037,4.181818181818182,0.021350405092592593,46,27,19,0.5869565217391305,1.4210526315789473,46,169.0,193.0,3.6739130434782608,4.195652173913044,0.8756476683937824,8,4,0.0,1
0f738e3a-c065-4270-ac7c-1aa2a3d37ef1,True,2026-02-13 03:04:19.826000+00:00,2026-03-03 04:03:35.247000+00:00,65,12,18.04115070601852,0.41024239583333333,5.416666666666667,0.019869380787037035,65,39,26,0.6,1.5,65,263.0,226.0,4.046153846153846,3.476923076923077,1.163716814159292,8,4,0.5538461538461539,3
0fc3e835-ae57-487e-845f-1b969fff024e,False,2025-08-05 05:40:20.189000+00:00,2025-08-09 14:56:26.584000+00:00,25,4,4.386185127314815,205.9568704398148,6.25,0.010841996527777778,25,11,14,0.44,0.7857142857142857,25,33.0,63.0,1.32,2.52,0.5238095238095238,4,3,0.0,1
102da0b8-3365-4849-b529-2b612e425f59,False,2025-03-21 14:12:28.764000+00:00,2025-06-17 10:14:11.172000+00:00,11,7,87.83451861111111,259.15288215277775,1.5714285714285714,0.9578377199074075,11,6,5,0.5454545454545454,1.2,11,54.0,32.0,4.909090909090909,2.909090909090909,1.6875,2,2,0.0,1
107d88c7-ddb6-40e6-92b5-31ebc153b3f8,True,2025-06-10 18:13:59.143000+00:00,2026-01-30 20:40:18.757000+00:00,86,21,234.10161590277778,31.718072141203706,4.095238095238095,0.02316685185185185,86,43,43,0.5,1.0,86,305.0,357.0,3.546511627906977,4.151162790697675,0.8543417366946778,6,7,0.9651162790697675,2
1099ba5d-28b5-4764-880d-9dc75c0edb5e,False,2025-09-02 19:06:52.118000+00:00,2025-11-23 17:56:17.468000+00:00,47,10,81.95098784722222,99.83197594907406,4.7,0.013346174768518518,47,20,27,0.425531914893617,0.7407407407407407,47,90.0,138.0,1.9148936170212767,2.9361702127659575,0.6521739130434783,5,7,0.0,1
10c31731-4ea8-477b-bcf3-8b3424f956e9,False,2025-09-22 19:10:40.372000+00:00,2026-03-01 22:44:37.338000+00:00,192,53,160.14857599537038,1.6317459722222223,3.6226415094339623,0.044267916666666664,191,101,90,0.5287958115183246,1.1222222222222222,192,747.0,709.0,3.890625,3.6927083333333335,1.0535966149506346,5,7,0.2864583333333333,3
10ea22aa-eb31-4f95-8ab7-1af6b08ad08c,True,2026-02-17 02:19:34.367000+00:00,2026-03-02 23:39:32.836000+00:00,48,10,13.888871168981481,0.5936036342592592,4.8,0.022434282407407406,48,33,15,0.6875,2.2,48,181.0,123.0,3.7708333333333335,2.5625,1.4715447154471544,9,2,0.0,2
10ff1f08-e10a-492a-9355-40a1a3b14a56,True,2026-02-16 22:30:59.489000+00:00,2026-02-25 08:42:04.155000+00:00,31,8,8.424359560185184,6.216852256944445,3.875,0.04499512731481481,31,13,18,0.41935483870967744,0.7222222222222222,31,115.0,73.0,3.7096774193548385,2.3548387096774195,1.5753424657534247,3,4,0.0,2
115742be-53a5-47aa-86b4-1697eea11b0b,False,2025-09-02 03:58:47.400000+00:00,2025-09-15 03:54:59.244000+00:00,8,4,12.997359305555555,169.4162146527778,2.0,0.01504818287037037,8,5,3,0.625,1.6666666666666667,8,4.0,20.0,0.5,2.5,0.2,2,1,0.0,1
115fc486-7003-4812-a9e5-a48eba4a4847,True,2025-03-04 22:08:40.763000+00:00,2025-09-21 21:41:31.635000+00:00,13,8,200.98114435185187,162.67556197916667,1.625,0.849907193287037,13,5,8,0.38461538461538464,0.625,13,32.0,43.0,2.4615384615384617,3.3076923076923075,0.7441860465116279,2,3,0.6923076923076923,2
1199e2d0-043a-41b6-a436-be4e946fd998,True,2026-01-05 23:53:57.757000+00:00,2026-03-03 01:25:34.765000+00:00,75,25,56.06362277777778,0.5199701967592593,3.0,0.015520167824074074,75,41,34,0.5466666666666666,1.2058823529411764,75,229.0,196.0,3.0533333333333332,2.6133333333333333,1.1683673469387754,6,5,0.0,2
11fe58a3-2ae4-4175-bf3f-11e86add3dbc,True,2025-07-01 18:14:25.801000+00:00,2026-02-06 03:22:38.172000+00:00,287,80,219.3806987384259,25.43868076388889,3.5875,0.01361738425925926,287,138,149,0.4808362369337979,0.9261744966442953,287,664.0,791.0,2.313588850174216,2.7560975609756095,0.8394437420986094,5,9,0.003484320557491289,2
12907f59-0dba-4ba0-b4da-e207c4da487c,True,2025-06-24 14:06:21.585000+00:00,2026-03-01 22:15:10.562000+00:00,21,11,250.33945575231485,1.6521947685185185,1.9090909090909092,0.026563530092592595,21,11,10,0.5238095238095238,1.1,21,70.0,93.0,3.3333333333333335,4.428571428571429,0.7526881720430108,4,3,0.5714285714285714,2
12fd1ecd-7470-46b0-b5da-2e1a8707f7f4,False,2025-09-05 23:55:02.487000+00:00,2025-09-05 23:55:02.487000+00:00,1,1,0.0,178.58284378472223,1.0,,1,1,0,1.0,,1,2.0,1.0,2.0,1.0,2.0,1,0,0.0,1
13920b22-ed18-4935-9bb2-e6ae35264038,False,2025-03-10 20:09:08.264000+00:00,2025-03-15 23:37:41.103000+00:00,10,3,5.144824525462963,352.5948968402778,3.3333333333333335,0.023709502314814817,10,4,6,0.4,0.6666666666666666,10,75.0,48.0,7.5,4.8,1.5625,2,3,0.9,2
13a9327b-99ae-4d87-b213-6a905e2fd4e2,False,2026-01-25 18:49:32.838000+00:00,2026-01-31 05:55:06.851000+00:00,28,5,5.462199224537037,31.332793275462965,5.6,0.013970659722222223,28,15,13,0.5357142857142857,1.1538461538461537,28,83.0,69.0,2.9642857142857144,2.4642857142857144,1.2028985507246377,4,4,0.0,2
13def082-508c-4e12-9e25-1e470ed9dbf0,False,2025-05-28 00:37:12.359000+00:00,2025-09-20 13:36:09.620000+00:00,33,13,115.54094052083333,164.01262233796297,2.5384615384615383,0.026722702546296297,33,15,18,0.45454545454545453,0.8333333333333334,33,64.0,149.0,1.9393939393939394,4.515151515151516,0.42953020134228187,5,5,0.7878787878787878,2
1441c677-54be-46ab-89a3-e766ce99dd4a,False,2025-03-28 03:25:17.740000+00:00,2025-08-02 03:13:48.749000+00:00,74,32,126.99202556712963,213.44480834490741,2.3125,0.029924745370370372,74,36,38,0.4864864864864865,0.9473684210526315,74,241.0,329.0,3.2567567567567566,4.445945945945946,0.7325227963525835,7,7,0.7162162162162162,3
144a36b6-f3de-4f39-bb30-3163143d5d75,False,2025-12-26 17:39:11.833000+00:00,2025-12-27 00:47:23.759000+00:00,7,2,0.2973602546296296,66.5464864699074,3.5,0.012971875,7,3,4,0.42857142857142855,0.75,7,10.0,15.0,1.4285714285714286,2.142857142857143,0.6666666666666666,1,2,0.0,1
146dbf44-daf8-419a-82b0-260dc52bcced,True,2025-06-06 17:53:36.715000+00:00,2026-02-19 21:57:00.011000+00:00,124,29,258.16901962962964,11.664816886574075,4.275862068965517,0.024948657407407406,124,70,54,0.5645161290322581,1.2962962962962963,124,602.0,527.0,4.854838709677419,4.25,1.142314990512334,6,3,0.7419354838709677,2
147efc54-ad85-4eb1-8183-263c44e57256,True,2025-03-07 00:34:48.599000+00:00,2026-02-20 18:14:25.020000+00:00,713,118,350.7358382060185,10.819388541666667,6.0423728813559325,0.019511082175925926,713,366,347,0.5133239831697055,1.0547550432276658,712,3108.0,2926.0,4.365168539325842,4.109550561797753,1.062200956937799,8,8,0.9971949509116409,2
14c5efd8-017f-4584-94f0-44abb7ff7887,True,2025-03-16 11:22:26.538000+00:00,2026-01-01 09:27:29.398000+00:00,44,18,290.92017199074076,61.185310092592594,2.4444444444444446,0.028103576388888888,44,23,21,0.5227272727272727,1.0952380952380953,44,153.0,200.0,3.477272727272727,4.545454545454546,0.765,5,8,0.8181818181818182,3
153a76cc-1f9f-4d78-b04e-56437e372324,True,2025-03-14 01:05:50.029000+00:00,2026-01-22 07:48:48.898000+00:00,251,71,314.2798480208333,40.25383439814815,3.535211267605634,0.020588796296296296,251,106,145,0.42231075697211157,0.7310344827586207,251,853.0,896.0,3.398406374501992,3.5697211155378485,0.9520089285714286,10,9,0.5179282868525896,3
155472dd-0566-4f9a-9a73-6e4d9a836029,True,2025-03-09 06:52:13.882000+00:00,2026-03-02 03:45:16.699000+00:00,221,50,357.8701714930556,1.4229570717592592,4.42,0.02360417824074074,221,110,111,0.497737556561086,0.990990990990991,221,649.0,930.0,2.936651583710407,4.208144796380091,0.6978494623655914,6,9,0.9321266968325792,3
15794c95-07b2-4cd2-bfb2-c361da600746,True,2025-06-20 02:42:54.990000+00:00,2026-03-02 03:16:25.382000+00:00,752,156,255.02326842592595,1.442995462962963,4.82051282051282,0.02162814814814815,751,365,386,0.48601864181091875,0.9455958549222798,752,2054.0,2518.0,2.731382978723404,3.348404255319149,0.8157267672756155,9,7,0.425531914893617,3
15b37e0b-0112-45a2-873c-6dc2c6dcab07,False,2025-06-20 15:27:43.122000+00:00,2025-07-29 17:53:52.172000+00:00,153,28,39.101493634259256,216.83365761574072,5.464285714285714,0.015932181712962963,153,76,77,0.49673202614379086,0.987012987012987,153,755.0,430.0,4.934640522875817,2.810457516339869,1.755813953488372,14,6,0.32679738562091504,2
16c9eb46-bfc7-4e18-bece-c227997e0390,False,2025-06-17 01:30:47.648000+00:00,2025-06-18 23:27:45.159000+00:00,4,2,1.914554525462963,257.60179434027776,2.0,0.6556037962962963,4,2,2,0.5,1.0,4,11.0,14.0,2.75,3.5,0.7857142857142857,2,1,0.0,1
17088594-1d67-4fa6-bc4e-50cbd2f2840c,False,2025-06-15 09:43:11.038000+00:00,2025-06-15 11:44:22.968000+00:00,8,1,0.08416585648148149,261.09024562499997,8.0,0.012595486111111111,8,4,4,0.5,1.0,8,15.0,21.0,1.875,2.625,0.7142857142857143,3,3,0.0,1
17890e74-cf94-46d5-b95b-d76e573582bb,False,2025-06-14 00:06:00.616000+00:00,2025-06-15 18:51:10.048000+00:00,9,2,1.7813591666666666,260.7938673842593,4.5,0.016013396990740742,9,7,2,0.7777777777777778,3.5,9,24.0,38.0,2.6666666666666665,4.222222222222222,0.631578947368421,6,1,1.0,1
180679b8-c7e1-4f56-a7cd-24c9aa7fd8ce,True,2025-03-05 04:19:07.699000+00:00,2026-03-03 03:35:27.646000+00:00,507,112,362.9696753125,0.42977481481481483,4.526785714285714,0.024046516203703704,507,256,251,0.504930966469428,1.0199203187250996,507,2264.0,2203.0,4.465483234714004,4.345167652859961,1.0276895142986837,7,7,0.9664694280078896,3
180ccc75-2d8e-4a7b-9dbc-364566040ab7,False,2025-08-23 20:43:59.600000+00:00,2026-02-01 19:20:27.545000+00:00,141,27,161.94199010416668,29.773525983796297,5.222222222222222,0.019936701388888887,141,82,59,0.5815602836879432,1.3898305084745763,141,601.0,548.0,4.26241134751773,3.8865248226950353,1.0967153284671534,11,6,0.7021276595744681,3
1880f728-0206-47f4-b496-da4584eb5fa5,True,2025-03-05 17:25:36.776000+00:00,2026-02-20 13:34:37.700000+00:00,237,42,351.83959402777776,11.013686226851851,5.642857142857143,0.02050035300925926,237,124,113,0.5232067510548524,1.0973451327433628,237,1101.0,939.0,4.6455696202531644,3.962025316455696,1.1725239616613419,6,5,0.8396624472573839,3
18983dab-45a0-4356-b83f-262b259dcd22,False,2025-09-21 06:04:22.552000+00:00,2025-10-03 17:39:27.921000+00:00,10,3,12.482701030092592,150.84366052083334,3.3333333333333335,0.01806076388888889,10,5,5,0.5,1.0,10,42.0,24.0,4.2,2.4,1.75,4,3,0.0,1
18fe0115-969d-451e-baf7-60dd69b8552c,True,2025-03-22 04:11:04.647000+00:00,2026-03-03 02:58:27.599000+00:00,410,96,345.9495712037037,0.45546980324074077,4.270833333333333,0.018734386574074075,410,152,258,0.37073170731707317,0.5891472868217055,410,690.0,1411.0,1.6829268292682926,3.4414634146341463,0.4890148830616584,5,10,0.05121951219512195,3
19f2d4ca-62a8-4590-a1df-37dd87d6858c,False,2025-07-24 05:48:20.137000+00:00,2025-10-15 07:38:18.907000+00:00,206,20,83.07637465277777,139.26112596064814,10.3,0.011545601851851852,206,89,117,0.4320388349514563,0.7606837606837606,206,552.0,538.0,2.679611650485437,2.6116504854368934,1.0260223048327137,7,10,0.0,2
1a481bbd-1897-4f03-ada1-40a5aab5677d,False,2025-06-13 05:15:14.890000+00:00,2025-10-14 03:53:27.505000+00:00,32,21,122.94320156250001,140.41727644675927,1.5238095238095237,0.9545365972222222,32,14,18,0.4375,0.7777777777777778,32,78.0,115.0,2.4375,3.59375,0.6782608695652174,3,3,0.1875,3
1b06b8a2-0f96-4008-8279-d1211e69b347,False,2025-03-06 03:21:07.794000+00:00,2025-07-21 00:31:06.346000+00:00,75,21,136.8819276851852,225.5577991203704,3.5714285714285716,0.02131152199074074,75,36,39,0.48,0.9230769230769231,75,297.0,319.0,3.96,4.253333333333333,0.9310344827586207,6,4,0.9466666666666667,2
1bc1dd86-8757-4e33-9224-711e04094790,False,2026-02-21 05:33:20.779000+00:00,2026-02-21 05:33:20.779000+00:00,1,1,0.0,10.347909849537036,1.0,,1,0,1,0.0,0.0,1,0.0,3.0,0.0,3.0,0.0,0,1,0.0,1
1c31f29b-c50c-453a-9207-9e44d9f6d9af,False,2025-07-19 16:23:11.009000+00:00,2026-03-02 20:18:42.829000+00:00,274,59,226.16356273148148,0.7330713078703703,4.6440677966101696,0.02134337962962963,274,154,120,0.5620437956204379,1.2833333333333334,274,1135.0,1018.0,4.142335766423358,3.7153284671532845,1.1149312377210217,8,5,0.9233576642335767,3
1c971ee6-f9b5-4a5c-8fb8-c5eb010ab456,False,2025-03-05 21:43:34.596000+00:00,2025-03-06 20:42:20.593000+00:00,3,2,0.9574768171296296,361.7166620023148,1.5,0.47873840856481475,3,1,2,0.3333333333333333,0.5,3,2.0,12.0,0.6666666666666666,4.0,0.16666666666666666,1,1,0.0,2
1cd68148-f460-4c1b-be49-82ad21726018,True,2025-03-08 20:09:36.731000+00:00,2026-01-29 21:55:11.865000+00:00,213,46,327.0733233101852,32.66606857638889,4.630434782608695,0.025535138888888892,213,102,111,0.4788732394366197,0.918918918918919,213,973.0,878.0,4.568075117370892,4.122065727699531,1.1082004555808656,6,8,0.812206572769953,3
1cfdb7b5-2d6a-489f-aa56-8733dea4100c,False,2025-07-09 03:02:45.679000+00:00,2025-07-10 02:34:19.022000+00:00,8,2,0.9802470254629629,236.47223574074076,4.0,0.012206238425925924,8,3,5,0.375,0.6,8,8.0,23.0,1.0,2.875,0.34782608695652173,1,4,0.0,1
1d37db3f-ece5-4fce-a5c0-ebf341f276ec,False,2025-10-23 02:00:33.563000+00:00,2025-10-24 02:49:32.721000+00:00,4,2,1.0340180324074073,130.46166052083333,2.0,0.014718113425925926,4,2,2,0.5,1.0,4,5.0,9.0,1.25,2.25,0.5555555555555556,2,1,0.0,1
1d7f4ecf-b05c-416a-bd54-058410f73da4,False,2025-08-13 01:43:53.545000+00:00,2025-09-13 01:30:34.546000+00:00,3,2,30.99075232638889,171.51650050925926,1.5,15.495376163194445,3,1,2,0.3333333333333333,0.5,3,16.0,10.0,5.333333333333333,3.3333333333333335,1.6,1,1,0.0,1
1e4e7b3c-344e-4812-a1b1-98b67c19e04b,True,2025-03-05 01:07:32.255000+00:00,2026-01-31 05:05:05.645000+00:00,340,80,332.1649697916667,31.367529456018516,4.25,0.021967453703703704,340,174,166,0.5117647058823529,1.0481927710843373,340,1499.0,1307.0,4.408823529411765,3.8441176470588236,1.1469013006885997,10,9,0.6852941176470588,3
1e558203-8b4b-40da-b720-673c37570227,False,2025-03-22 16:30:30.826000+00:00,2025-09-20 17:23:29.878000+00:00,3,3,182.03679458333332,163.8547489814815,1.0,91.01839729166667,3,3,0,1.0,,3,7.0,4.0,2.3333333333333335,1.3333333333333333,1.75,3,0,0.0,1
1e71345e-eaab-4508-b9ed-aa72825c1ae5,False,2025-03-05 20:14:22.442000+00:00,2025-08-12 18:01:53.656000+00:00,61,16,159.90800016203704,202.82808488425928,3.8125,0.023587581018518516,61,25,36,0.4098360655737705,0.6944444444444444,61,173.0,251.0,2.8360655737704916,4.114754098360656,0.6892430278884463,3,4,0.9016393442622951,3
1e81f0d7-a983-45f6-9b67-e285ba83eebd,False,2025-06-21 18:16:12.929000+00:00,2025-08-14 23:34:01.987000+00:00,70,15,54.22070668981482,200.5974329050926,4.666666666666667,0.020996597222222222,70,29,41,0.4142857142857143,0.7073170731707317,70,193.0,285.0,2.757142857142857,4.071428571428571,0.6771929824561403,3,5,0.8,3
1ed01c00-dc39-48b1-82ba-1a7490f89724,False,2025-07-03 01:35:45.528000+00:00,2025-07-07 11:50:32.733000+00:00,8,3,4.4269352430555555,239.0859659375,2.6666666666666665,0.012760648148148148,8,2,6,0.25,0.3333333333333333,8,3.0,25.0,0.375,3.125,0.12,1,4,0.0,1
1fc91e87-6aa6-469d-89e6-366b5d8a9168,False,2025-03-04 23:07:41.967000+00:00,2026-02-28 19:52:04.084000+00:00,300,89,360.8641448726852,2.751575300925926,3.3707865168539324,0.029622118055555556,300,165,135,0.55,1.2222222222222223,300,1249.0,1250.0,4.163333333333333,4.166666666666667,0.9992,9,10,0.9266666666666666,3
201ba194-a839-404d-a84c-cbabcc109b14,True,2025-12-25 21:51:45.181000+00:00,2026-02-13 15:18:04.906000+00:00,104,23,49.7266171875,17.941843564814814,4.521739130434782,0.024512951388888888,104,44,60,0.4230769230769231,0.7333333333333333,104,317.0,399.0,3.048076923076923,3.8365384615384617,0.7944862155388471,4,5,0.9134615384615384,2
2077c410-5eea-43c4-91dd-af09e1b18a67,True,2025-06-15 18:01:14.958000+00:00,2026-02-28 19:58:53.005000+00:00,228,69,258.08169035879627,2.7468424189814815,3.3043478260869565,0.02886476851851852,228,97,131,0.42543859649122806,0.7404580152671756,228,849.0,895.0,3.723684210526316,3.925438596491228,0.9486033519553073,6,7,0.868421052631579,3
208af1ff-ae93-4a67-aa61-22646a1761f7,False,2025-06-24 16:00:05.395000+00:00,2025-06-24 16:16:42.927000+00:00,2,1,0.01154550925925926,251.90112572916667,2.0,0.01154550925925926,2,2,0,1.0,,2,3.0,5.0,1.5,2.5,0.6,2,0,0.0,1
208f9b0e-03b5-4ad1-8cba-276255157c11,True,2025-03-09 23:42:13.906000+00:00,2026-03-01 18:42:32.002000+00:00,309,55,356.7918761111111,1.799863287037037,5.618181818181818,0.019952569444444443,309,140,169,0.45307443365695793,0.8284023668639053,309,1622.0,953.0,5.249190938511327,3.0841423948220066,1.70199370409234,8,10,0.5339805825242718,3
20adf97b-feec-4612-a079-502216197c3f,False,2025-06-10 00:21:46.052000+00:00,2025-07-03 04:09:29.506000+00:00,5,2,23.1581418287037,243.40614217592594,2.5,0.01227494212962963,5,3,2,0.6,1.5,5,7.0,18.0,1.4,3.6,0.3888888888888889,2,1,0.0,2
20e5b2d2-2bf9-42e6-bcd3-53aa99510a3c,True,2025-03-17 07:35:32.711000+00:00,2026-03-01 05:03:21.930000+00:00,74,23,348.8943196643519,2.3687298611111114,3.217391304347826,0.028525590277777776,74,37,37,0.5,1.0,74,360.0,275.0,4.864864864864865,3.7162162162162162,1.309090909090909,4,3,0.8513513513513513,3
20ee29b5-f778-4387-b165-5778264eada5,True,2025-07-28 15:29:30.831000+00:00,2026-01-29 13:11:05.152000+00:00,12,7,184.90386945601853,33.03003516203704,1.7142857142857142,0.7582834953703704,12,6,6,0.5,1.0,12,58.0,53.0,4.833333333333333,4.416666666666667,1.0943396226415094,4,3,0.6666666666666666,3
215defa8-9461-42d1-b910-b2e9a33f0713,True,2025-04-27 22:17:00.985000+00:00,2026-02-26 15:05:43.148000+00:00,121,35,304.7004879976852,4.950428726851852,3.4571428571428573,0.018167256944444446,121,68,53,0.5619834710743802,1.2830188679245282,121,623.0,352.0,5.148760330578512,2.909090909090909,1.7698863636363635,7,4,0.32231404958677684,3
2179e658-edea-4b15-a34a-ba6dbed38850,False,2025-07-03 23:55:35.270000+00:00,2025-07-07 17:31:48.698000+00:00,6,3,3.7334887500000002,238.84897560185183,2.0,0.01432412037037037,6,3,3,0.5,1.0,6,6.0,21.0,1.0,3.5,0.2857142857142857,3,2,0.0,1
217c2edf-2481-49cd-a710-cd94b44e7d93,True,2025-06-21 06:25:17.424000+00:00,2026-01-31 21:03:21.425000+00:00,88,23,224.60976853009257,30.702069039351855,3.8260869565217392,0.02477601851851852,88,38,50,0.4318181818181818,0.76,88,315.0,423.0,3.5795454545454546,4.806818181818182,0.7446808510638298,5,5,0.45454545454545453,3
2183277f-716e-4979-8e44-00aa960c3d4b,True,2025-09-16 00:33:37.268000+00:00,2025-09-24 01:53:00.525000+00:00,9,3,8.055130289351851,160.5009220486111,3.0,0.020794421296296293,9,4,5,0.4444444444444444,0.8,9,15.0,45.0,1.6666666666666667,5.0,0.3333333333333333,2,2,0.0,2
222a989f-1202-484a-837b-c266272506d7,True,2025-03-28 23:54:28.091000+00:00,2025-04-08 00:25:04.838000+00:00,12,4,10.021258645833333,329.56198324074074,3.0,0.020004872685185186,12,7,5,0.5833333333333334,1.4,12,90.0,61.0,7.5,5.083333333333333,1.4754098360655739,3,2,1.0,1
2294dd0e-f989-4cab-afe8-5f63bb7df7f7,False,2025-07-16 11:42:47.687000+00:00,2025-07-17 14:52:12.361000+00:00,3,2,1.1315355787037038,228.95981283564814,1.5,0.5657677893518519,3,1,2,0.3333333333333333,0.5,3,5.0,6.0,1.6666666666666667,2.0,0.8333333333333334,1,1,0.0,1
230818b0-f0c6-440d-b723-4c5051177aca,True,2025-04-02 00:38:02.772000+00:00,2025-08-03 19:48:27.302000+00:00,493,67,123.79889502314813,211.75408435185184,7.358208955223881,0.022727662037037036,493,264,229,0.5354969574036511,1.1528384279475983,493,1604.0,1937.0,3.253549695740365,3.9290060851926976,0.8280846670108415,7,6,0.9371196754563894,3
23336201-b7ba-406b-b9bc-e535178096ff,True,2025-03-05 17:15:43.235000+00:00,2025-12-03 19:28:00.726000+00:00,101,35,273.0918691087963,89.76828083333334,2.8857142857142857,0.015611383101851851,101,35,66,0.3465346534653465,0.5303030303030303,101,190.0,248.0,1.881188118811881,2.4554455445544554,0.7661290322580645,3,8,0.1485148514851485,3
2333b743-f9cc-4e55-b52f-f4cf7f2677b2,True,2025-11-13 16:37:49.561000+00:00,2026-02-21 09:02:50.378000+00:00,212,55,99.68403723379629,10.20242837962963,3.8545454545454545,0.02349818287037037,212,80,132,0.37735849056603776,0.6060606060606061,212,460.0,711.0,2.169811320754717,3.3537735849056602,0.6469760900140648,5,9,0.03773584905660377,3
23388f2f-e2d0-4ea8-b95d-55ebbed84f23,False,2025-07-19 12:38:12.518000+00:00,2025-08-25 15:47:51.854000+00:00,67,18,37.131705277777776,189.92116129629628,3.7222222222222223,0.0350022800925926,67,41,26,0.6119402985074627,1.5769230769230769,67,462.0,240.0,6.895522388059701,3.582089552238806,1.925,7,6,1.0,1
24513553-248a-4e5b-8329-0ce0a8962f85,False,2025-12-09 01:59:19.528000+00:00,2026-01-17 19:30:26.215000+00:00,37,9,39.72993850694444,44.76659693287037,4.111111111111111,0.024268506944444445,37,20,17,0.5405405405405406,1.1764705882352942,34,175.0,118.0,5.147058823529412,3.4705882352941178,1.4830508474576272,3,3,0.9459459459459459,2
2477c148-d0de-4070-b140-006e87906f82,False,2025-05-02 13:40:20.457000+00:00,2025-06-12 15:04:39.915000+00:00,23,6,41.05855854166667,263.95116059027777,3.8333333333333335,0.01952515625,23,12,11,0.5217391304347826,1.0909090909090908,23,47.0,110.0,2.0434782608695654,4.782608695652174,0.42727272727272725,4,3,0.0,1
254178a6-13bf-4cb5-aa7d-2fa58ce6d6b1,True,2025-08-18 04:13:34.212000+00:00,2026-03-02 07:36:08.422000+00:00,99,28,196.14067372685187,1.2626362037037036,3.5357142857142856,0.01873973958333333,99,52,47,0.5252525252525253,1.1063829787234043,99,240.0,286.0,2.4242424242424243,2.888888888888889,0.8391608391608392,5,5,0.1414141414141414,3
267a42e2-94d1-43f4-8f9b-be3589f7ab53,False,2025-03-06 05:09:07.464000+00:00,2025-11-10 14:33:22.215000+00:00,110,35,249.3918373958333,112.97289322916666,3.142857142857143,0.023429814814814817,109,45,64,0.41284403669724773,0.703125,110,503.0,448.0,4.572727272727272,4.072727272727272,1.1227678571428572,5,10,0.7363636363636363,3
27716a43-f296-492c-867b-628d7205f770,False,2025-12-19 21:35:45.737000+00:00,2026-02-07 23:57:28.338000+00:00,7,4,50.098409733796295,23.581155694444444,1.75,4.3527858796296295,7,0,7,0.0,0.0,7,2.0,21.0,0.2857142857142857,3.0,0.09523809523809523,0,7,0.0,1
27cba84c-3e6e-40a7-a895-64e804bc9c6d,False,2025-06-28 18:19:33.896000+00:00,2025-07-02 18:33:17.717000+00:00,9,2,4.009534965277778,243.8062786226852,4.5,0.012521643518518519,9,3,6,0.3333333333333333,0.5,9,24.0,21.0,2.6666666666666665,2.3333333333333335,1.1428571428571428,2,4,0.0,1
28168599-3419-4d76-a3c2-829f4c4ba13d,True,2025-03-05 00:07:18.956000+00:00,2026-03-02 14:19:16.856000+00:00,556,121,362.5916423611111,0.9826774768518519,4.595041322314049,0.02530671296296296,556,298,258,0.5359712230215827,1.1550387596899225,556,2781.0,2366.0,5.001798561151079,4.255395683453237,1.1754015215553677,8,9,0.9640287769784173,3
285b2c32-0bcc-4e7a-b263-31055e230ee5,False,2026-02-25 15:34:54.062000+00:00,2026-02-25 15:34:54.062000+00:00,1,1,0.0,5.930163518518519,1.0,,1,0,1,0.0,0.0,1,4.0,3.0,4.0,3.0,1.3333333333333333,0,1,0.0,1
28f43dd6-c561-4e7f-8961-c7a9f73d8126,True,2025-03-14 19:05:42.133000+00:00,2025-10-07 17:42:04.842000+00:00,338,72,206.9419295023148,146.84184430555555,4.694444444444445,0.016881180555555556,338,168,170,0.4970414201183432,0.9882352941176471,338,1492.0,1344.0,4.414201183431953,3.9763313609467454,1.1101190476190477,7,6,0.0,2
290c8b64-30af-42ef-86ac-55a500040f9d,False,2025-03-24 01:02:02.280000+00:00,2025-07-18 06:07:48.321000+00:00,21,6,116.2123384375,228.32397996527777,3.5,0.02481873263888889,21,11,10,0.5238095238095238,1.1,21,89.0,76.0,4.238095238095238,3.619047619047619,1.1710526315789473,3,3,0.5238095238095238,3
295c0da0-0b38-4677-824e-042d62f58a23,False,2025-03-06 05:43:12.932000+00:00,2025-03-25 02:43:51.737000+00:00,31,7,18.875449131944443,343.4656070949074,4.428571428571429,0.018637019675925924,31,14,17,0.45161290322580644,0.8235294117647058,31,82.0,123.0,2.6451612903225805,3.967741935483871,0.6666666666666666,3,6,0.6774193548387096,3
29c27dae-c556-4386-9472-792a0625b743,False,2025-07-21 00:35:55.052000+00:00,2025-08-14 00:22:58.603000+00:00,6,4,23.991013321759258,201.5634442939815,1.5,0.9638847222222222,6,2,4,0.3333333333333333,0.5,6,5.0,15.0,0.8333333333333334,2.5,0.3333333333333333,2,3,0.0,1
29efa3b6-512b-46f9-9878-22171a992a46,False,2025-12-18 17:21:32.290000+00:00,2026-02-20 22:34:58.307000+00:00,57,13,64.21766223379629,10.638447719907408,4.384615384615385,0.015233385416666669,57,24,33,0.42105263157894735,0.7272727272727273,57,177.0,128.0,3.1052631578947367,2.245614035087719,1.3828125,3,5,0.0,1
2a0d1c60-b4c4-4691-91ae-8e2ae08dcee4,False,2026-01-26 17:41:38.465000+00:00,2026-01-29 23:54:57.086000+00:00,5,2,3.259243298611111,32.582906296296294,2.5,0.01859755787037037,5,3,2,0.6,1.5,5,14.0,10.0,2.8,2.0,1.4,2,1,0.0,1
2a37065a-60f3-410a-a9cc-0b7403abbb50,False,2025-05-25 11:59:24.357000+00:00,2025-05-30 10:54:30.816000+00:00,14,3,4.954935868055555,277.1248770138889,4.666666666666667,0.012139085648148149,14,6,8,0.42857142857142855,0.75,14,25.0,38.0,1.7857142857142858,2.7142857142857144,0.6578947368421053,2,3,0.0,1
2a43129d-716e-4abb-8f16-c02c5b16db6a,False,2025-10-21 18:29:37.773000+00:00,2025-10-30 21:29:45.325000+00:00,5,3,9.125087407407408,123.68373686342593,1.6666666666666667,1.0129039525462962,5,3,2,0.6,1.5,5,20.0,12.0,4.0,2.4,1.6666666666666667,3,1,0.0,2
2a681683-209d-447f-87a9-587bad86ff60,True,2025-03-18 12:45:16.031000+00:00,2026-03-03 10:58:27.288000+00:00,630,185,349.9258247337963,0.12214006944444444,3.4054054054054053,0.028059143518518518,628,289,339,0.4601910828025478,0.8525073746312685,630,2029.0,2798.0,3.2206349206349207,4.4412698412698415,0.7251608291636884,8,8,0.9761904761904762,3
2a7c9b3f-9f62-4ac2-80b0-7e1266f14a86,True,2025-10-18 11:29:26.062000+00:00,2025-10-25 23:06:41.386000+00:00,30,7,7.484205138888889,128.6164213425926,4.285714285714286,0.015045358796296298,30,18,12,0.6,1.5,30,59.0,61.0,1.9666666666666666,2.033333333333333,0.9672131147540983,6,3,0.0,1
2a84ef68-b33e-4720-8fe7-e2edd8a5122d,True,2025-03-30 17:29:52.134000+00:00,2025-03-30 17:41:56.924000+00:00,2,1,0.008388773148148147,337.84193594907407,2.0,0.008388773148148147,2,0,2,0.0,0.0,2,1.0,7.0,0.5,3.5,0.14285714285714285,0,2,0.0,1
2a927678-4211-4fa7-876f-a5d4ce45f9b3,True,2025-07-01 22:33:00.766000+00:00,2026-03-03 12:21:54.664000+00:00,649,65,244.57562381944442,0.0641843287037037,9.984615384615385,0.017131857638888887,649,289,360,0.4453004622496148,0.8027777777777778,649,2001.0,2152.0,3.083204930662558,3.315870570107858,0.9298327137546468,6,11,0.23112480739599384,3
2ad687bf-a0a6-4dce-ab42-d4ec033ecd2b,True,2025-06-22 19:41:02.188000+00:00,2025-06-22 19:41:02.188000+00:00,1,1,0.0,253.75923613425925,1.0,,1,1,0,1.0,,1,4.0,0.0,4.0,0.0,,1,0,0.0,1
2aebda26-e3ab-4dc8-8cf5-795b1cb8798a,False,2025-03-06 19:08:08.829000+00:00,2025-07-02 02:45:07.533000+00:00,15,5,117.3173461111111,244.46472982638892,3.0,0.027548755787037037,15,6,9,0.4,0.6666666666666666,15,77.0,63.0,5.133333333333334,4.2,1.2222222222222223,2,4,0.7333333333333333,2
2bc53a2f-cea3-45d0-91a3-565f6c525693,True,2025-03-13 01:11:28.097000+00:00,2025-11-17 20:19:52.990000+00:00,247,54,249.79751033564813,105.73225925925925,4.574074074074074,0.020607274305555555,247,114,133,0.46153846153846156,0.8571428571428571,247,458.0,997.0,1.854251012145749,4.036437246963563,0.4593781344032096,5,6,0.4534412955465587,3
2bc66af6-391e-47fd-900a-253edbdcb1b5,False,2025-06-22 14:26:56.134000+00:00,2025-06-27 17:43:58.120000+00:00,16,4,5.136828541666667,248.8405332175926,4.0,0.02722883101851852,16,7,9,0.4375,0.7777777777777778,16,74.0,74.0,4.625,4.625,1.0,2,2,0.0,1
2bef13b6-85c6-4edf-9162-ec54df684bdf,False,2025-11-08 18:49:47.608000+00:00,2026-02-19 14:48:21.859000+00:00,60,9,102.83234086805555,11.962480682870371,6.666666666666667,0.014237060185185186,60,32,28,0.5333333333333333,1.1428571428571428,60,142.0,145.0,2.3666666666666667,2.4166666666666665,0.9793103448275862,6,4,0.0,1
2bf1e890-cb51-4e5a-a891-809e4d70f0e6,True,2025-04-21 20:00:09.440000+00:00,2025-05-08 01:07:14.659000+00:00,31,8,16.213254849537037,299.5327029050926,3.875,0.018429814814814816,31,14,17,0.45161290322580644,0.8235294117647058,31,47.0,121.0,1.5161290322580645,3.903225806451613,0.3884297520661157,3,3,0.0,2
2c7288c4-8212-4291-a4dd-019c9ec9f41d,False,2025-06-27 00:28:44.688000+00:00,2025-09-21 02:48:23.218000+00:00,54,12,86.09697372685186,163.4624649537037,4.5,0.012903113425925926,54,25,29,0.46296296296296297,0.8620689655172413,54,177.0,147.0,3.2777777777777777,2.7222222222222223,1.2040816326530612,3,5,0.07407407407407407,2
2c7e2a50-fac7-4a50-b047-b408ed7ce1f1,False,2025-11-01 10:13:27.272000+00:00,2025-11-03 14:51:56.905000+00:00,29,3,2.1933985300925927,119.95999172453703,9.666666666666666,0.014212881944444443,29,13,16,0.4482758620689655,0.8125,29,106.0,68.0,3.6551724137931036,2.3448275862068964,1.5588235294117647,3,7,0.0,1
2cef569c-bb5b-4497-8f91-b9bbd867ef59,False,2025-06-30 23:11:15.715000+00:00,2025-07-06 17:39:33.739000+00:00,3,2,5.769653055555556,239.8435931828704,1.5,2.884826527777778,3,2,1,0.6666666666666666,2.0,3,5.0,5.0,1.6666666666666667,1.6666666666666667,1.0,2,1,0.0,1
2d02fbf8-03e3-45c2-ab09-7591308c5519,False,2025-08-16 09:55:18.021000+00:00,2025-08-16 10:14:28.320000+00:00,2,1,0.013313645833333334,199.15268368055555,2.0,0.013313645833333334,2,1,1,0.5,1.0,2,8.0,3.0,4.0,1.5,2.6666666666666665,1,1,0.0,1
2d2ee76c-1b78-44f0-87cb-335525457c26,False,2025-05-18 04:04:05.885000+00:00,2025-12-14 21:38:34.335000+00:00,96,38,210.73227372685184,78.6776140625,2.526315789473684,0.19619902777777778,96,47,49,0.4895833333333333,0.9591836734693877,96,309.0,244.0,3.21875,2.5416666666666665,1.2663934426229508,7,7,0.09375,2
2d5770e0-43b5-4642-bcce-d2537e4dc40c,False,2025-03-07 07:12:54.198000+00:00,2025-06-24 19:14:26.284000+00:00,137,15,109.50106581018518,251.77770724537035,9.133333333333333,0.021649618055555556,137,67,70,0.48905109489051096,0.9571428571428572,137,717.0,507.0,5.233576642335766,3.7007299270072993,1.4142011834319526,6,7,0.38686131386861317,3
2dcd6c25-28b3-4cd8-99d9-9c7803b3cf01,True,2025-08-09 20:02:02.658000+00:00,2025-08-09 20:02:02.658000+00:00,1,1,0.0,205.74464736111113,1.0,,1,0,1,0.0,0.0,1,3.0,4.0,3.0,4.0,0.75,0,1,1.0,1
2e5fa4dc-2c0d-448e-ad4b-bdceccff5483,True,2025-03-31 00:46:48.463000+00:00,2025-03-31 01:14:28.313000+00:00,2,1,0.01921122685185185,337.52768376157405,2.0,0.01921122685185185,2,1,1,0.5,1.0,2,9.0,7.0,4.5,3.5,1.2857142857142858,1,1,0.0,1
2e7b22c0-f45f-431c-b185-7de7f012d4d6,False,2025-07-22 20:44:57.385000+00:00,2025-07-25 04:34:35.086000+00:00,8,3,2.326130798611111,221.38871648148145,2.6666666666666665,0.014700717592592593,8,4,4,0.5,1.0,8,10.0,24.0,1.25,3.0,0.4166666666666667,3,2,0.0,1
2f796ea0-b513-420f-91c1-285a9d527783,True,2025-05-18 00:04:37.497000+00:00,2025-08-02 17:20:24.895000+00:00,60,22,76.71929858796297,212.85688998842593,2.727272727272727,0.020665162037037037,60,28,32,0.4666666666666667,0.875,60,250.0,193.0,4.166666666666667,3.216666666666667,1.2953367875647668,4,5,0.21666666666666667,3
2f907f79-181a-4abf-a78f-edb95a5227c0,True,2025-03-04 21:46:39.515000+00:00,2026-02-16 05:53:27.798000+00:00,539,142,348.33805883101854,15.333939722222222,3.795774647887324,0.023925104166666666,538,307,231,0.570631970260223,1.329004329004329,537,2906.0,2251.0,5.411545623836127,4.191806331471136,1.2909817858729453,10,6,0.9666048237476809,3
3112fa55-d549-47d1-89a7-5accf681bbc6,True,2025-03-04 16:17:05.590000+00:00,2025-10-10 00:31:45.204000+00:00,350,85,219.34351405092593,144.557349375,4.117647058823529,0.015057013888888889,350,197,153,0.5628571428571428,1.2875816993464053,350,1438.0,930.0,4.1085714285714285,2.657142857142857,1.5462365591397849,10,8,0.24571428571428572,3
3125310f-d431-40f2-a0eb-59aeb5b1842d,False,2025-08-16 18:07:43.430000+00:00,2025-08-18 13:13:39.169000+00:00,12,2,1.7957840162037038,197.0282525578704,6.0,0.01221939814814815,12,4,8,0.3333333333333333,0.5,12,15.0,35.0,1.25,2.9166666666666665,0.42857142857142855,2,3,0.0,1
316591ff-6d15-401a-a6ee-563ab68e915f,False,2025-03-23 19:59:54.849000+00:00,2025-11-25 23:35:20.924000+00:00,7,3,247.14960734953704,97.59651928240741,2.3333333333333335,0.08688298032407407,7,5,2,0.7142857142857143,2.5,7,42.0,19.0,6.0,2.7142857142857144,2.210526315789474,5,1,0.2857142857142857,2
31a4691d-3b1e-4c36-85e0-21a23aa265d0,False,2025-03-06 04:39:47.985000+00:00,2025-03-12 07:16:04.014000+00:00,9,4,6.108518854166666,356.2765761111111,2.25,0.022010555555555558,9,6,3,0.6666666666666666,2.0,9,30.0,41.0,3.3333333333333335,4.555555555555555,0.7317073170731707,4,2,0.6666666666666666,2
321dda15-5c70-43e2-8de8-19da4a3c0179,False,2025-03-19 22:35:08.755000+00:00,2025-05-15 23:20:30.909000+00:00,31,12,57.03150641203704,291.60682038194443,2.5833333333333335,0.024942771990740742,31,16,15,0.5161290322580645,1.0666666666666667,31,126.0,116.0,4.064516129032258,3.7419354838709675,1.0862068965517242,5,4,0.16129032258064516,3
325efffa-a77f-4c06-a55e-0cffe4434164,False,2025-06-10 16:41:03.964000+00:00,2025-06-15 15:51:14.541000+00:00,33,5,4.965400196759259,260.91881538194446,6.6,0.012461655092592592,33,16,17,0.48484848484848486,0.9411764705882353,33,115.0,88.0,3.484848484848485,2.6666666666666665,1.3068181818181819,3,5,0.0,1
32679edc-977a-4f08-baba-dff621ed82f9,False,2025-08-18 15:26:38.469000+00:00,2025-08-21 08:09:44.385000+00:00,12,2,2.69659625,194.2393032986111,6.0,0.013393217592592592,12,8,4,0.6666666666666666,2.0,12,22.0,36.0,1.8333333333333333,3.0,0.6111111111111112,3,1,0.0,1
3285cd32-085c-40a5-a2d7-fbb74052219a,False,2025-06-08 22:14:10.447000+00:00,2025-07-13 22:07:10.055000+00:00,213,24,34.99513435185185,232.65775619212965,8.875,0.012300914351851851,213,99,114,0.4647887323943662,0.868421052631579,213,616.0,486.0,2.892018779342723,2.2816901408450705,1.2674897119341564,7,7,0.08450704225352113,3
33184ccf-b82b-4430-ae5a-6bad88efd4d9,False,2025-06-30 17:26:46.769000+00:00,2025-06-30 17:26:46.769000+00:00,1,1,0.0,245.85247015046298,1.0,,1,1,0,1.0,,1,0.0,2.0,0.0,2.0,0.0,1,0,0.0,1
33bc9933-d62c-4ddd-a909-bf216b46b967,False,2025-03-04 18:59:02.792000+00:00,2025-03-12 22:53:56.252000+00:00,65,9,8.163118749999999,355.62527706018517,7.222222222222222,0.0171158912037037,65,30,35,0.46153846153846156,0.8571428571428571,65,173.0,253.0,2.6615384615384614,3.8923076923076922,0.6837944664031621,3,5,0.4153846153846154,3
33c81c58-8c88-49ac-a0e7-d64fa2b68ea9,True,2025-03-20 14:14:30.728000+00:00,2026-03-03 13:27:50.777000+00:00,41,12,347.9675931597222,0.018395983796296297,3.4166666666666665,0.021609780092592595,41,18,23,0.43902439024390244,0.782608695652174,41,154.0,125.0,3.7560975609756095,3.048780487804878,1.232,3,4,0.5121951219512195,2
3492e6da-acfc-41f6-acad-cada9c976003,True,2025-07-10 05:33:00.364000+00:00,2026-02-01 04:50:30.416000+00:00,28,11,205.97048671296298,30.3776594212963,2.5454545454545454,0.02608759259259259,27,10,17,0.37037037037037035,0.5882352941176471,28,41.0,71.0,1.4642857142857142,2.5357142857142856,0.5774647887323944,3,5,0.0,1
34edbccc-e7a9-438a-b9af-1f760b44a3d0,False,2025-04-01 03:01:14.311000+00:00,2025-04-01 03:01:14.311000+00:00,1,1,0.0,336.45354026620373,1.0,,1,0,1,0.0,0.0,1,0.0,1.0,0.0,1.0,0.0,0,1,0.0,1
35d70f42-c3da-4296-a4a7-cfd29d6aaaba,True,2025-07-29 02:35:42.793000+00:00,2026-02-24 02:05:49.868000+00:00,4,3,209.97924855324072,7.492017615740742,1.3333333333333333,2.2012038194444448,4,1,3,0.25,0.3333333333333333,4,2.0,14.0,0.5,3.5,0.14285714285714285,1,2,0.0,1
36a43a62-5fde-4a77-9c9a-1ff3855b2836,True,2025-08-02 11:02:01.938000+00:00,2026-03-03 09:43:11.956000+00:00,1083,159,212.94525483796295,0.1744008564814815,6.811320754716981,0.02249767361111111,1083,516,567,0.47645429362880887,0.91005291005291,1077,4007.0,4225.0,3.720519962859796,3.9229340761374187,0.9484023668639053,8,9,0.8190212373037857,3
36be584b-a794-4c43-9310-3308d2ecc058,False,2025-06-26 04:28:11.274000+00:00,2026-01-03 03:36:49.665000+00:00,178,38,190.96433322916667,59.428825520833335,4.684210526315789,0.014707314814814815,178,71,107,0.398876404494382,0.6635514018691588,178,535.0,481.0,3.00561797752809,2.702247191011236,1.1122661122661122,6,7,0.0,2
36c32736-0237-4b23-b9f5-7501f9fc3948,False,2025-05-29 03:42:55.036000+00:00,2025-05-29 03:55:30.475000+00:00,2,1,0.008743506944444444,278.41585318287036,2.0,0.008743506944444444,2,1,1,0.5,1.0,2,2.0,6.0,1.0,3.0,0.3333333333333333,1,1,0.0,1
36d850f5-0960-4e27-9b37-b7359ec23b84,False,2025-08-26 16:50:53.824000+00:00,2025-09-01 14:23:48.396000+00:00,9,2,5.897853842592593,182.97953465277777,4.5,0.011366116898148149,9,5,4,0.5555555555555556,1.25,9,24.0,20.0,2.6666666666666665,2.2222222222222223,1.2,2,2,0.0,1
37383fc2-7303-4f31-9acc-9bfc29a74f2f,False,2025-08-31 06:27:37.994000+00:00,2025-09-11 20:49:05.123000+00:00,9,2,11.598230659722221,172.71197994212963,4.5,0.015857100694444445,9,5,4,0.5555555555555556,1.25,9,42.0,22.0,4.666666666666667,2.4444444444444446,1.9090909090909092,2,2,0.0,1
374150dd-71a9-4951-bc1a-adf1d48d7669,False,2025-06-16 15:10:18.778000+00:00,2025-06-27 16:58:13.679000+00:00,7,4,11.074940983796296,248.87229758101853,1.75,0.37333109374999995,7,3,4,0.42857142857142855,0.75,7,16.0,15.0,2.2857142857142856,2.142857142857143,1.0666666666666667,2,3,0.0,1
375c79d5-4a44-496f-987d-dee494703eb5,False,2025-10-04 21:13:17.584000+00:00,2025-10-04 21:13:17.584000+00:00,1,1,0.0,149.69516905092593,1.0,,1,0,1,0.0,0.0,1,3.0,3.0,3.0,3.0,1.0,0,1,0.0,1
3798e5a8-2763-4de9-9d95-264dd510abbc,False,2025-06-23 19:08:22.574000+00:00,2025-06-23 20:39:14.621000+00:00,6,1,0.06310239583333332,252.7188144560185,6.0,0.012952199074074073,6,1,5,0.16666666666666666,0.2,6,7.0,20.0,1.1666666666666667,3.3333333333333335,0.35,1,5,0.0,1
37bc515e-b843-4c9a-82be-e6ae6592f3a3,True,2025-07-02 22:47:15.108000+00:00,2025-08-27 12:41:57.083000+00:00,3,2,55.57965248842592,188.05026744212964,1.5,27.789826244212964,3,3,0,1.0,,3,14.0,15.0,4.666666666666667,5.0,0.9333333333333333,3,0,0.6666666666666666,2
38078fb5-544d-40a5-a01e-698981f1d6e8,True,2025-04-02 10:34:05.411000+00:00,2026-03-03 11:46:26.005000+00:00,476,122,335.0502383564815,0.08882158564814815,3.901639344262295,0.02936403935185185,475,231,244,0.4863157894736842,0.9467213114754098,474,1491.0,2015.0,3.1455696202531644,4.251054852320675,0.7399503722084367,11,8,0.5399159663865546,3
381f06c4-ccd4-4d97-9afc-1a427a17c3f0,False,2025-07-25 14:08:19.948000+00:00,2025-11-17 15:53:46.230000+00:00,44,10,115.07322085648148,105.91705972222223,4.4,0.014098622685185186,44,25,19,0.5681818181818182,1.3157894736842106,44,96.0,133.0,2.1818181818181817,3.022727272727273,0.7218045112781954,5,3,0.0,2
3873e77d-55db-4c18-903e-94ef9efcb4bb,False,2025-09-01 20:25:05.337000+00:00,2025-09-01 20:38:13.077000+00:00,2,1,0.00911736111111111,182.71952677083334,2.0,0.00911736111111111,2,0,2,0.0,0.0,2,0.0,6.0,0.0,3.0,0.0,0,2,0.0,1
38af7e79-b1f4-4366-9e3c-5b4715c387ee,False,2025-07-14 01:20:39.943000+00:00,2025-07-15 17:57:17.460000+00:00,23,2,1.6921008912037037,230.83128159722222,11.5,0.013090057870370372,23,6,17,0.2608695652173913,0.35294117647058826,23,40.0,56.0,1.7391304347826086,2.4347826086956523,0.7142857142857143,2,6,0.0,1
3909c69c-1bb5-46fc-b672-2116dbebaa5f,False,2025-03-14 14:13:58.264000+00:00,2025-08-11 14:59:06.356000+00:00,8,4,150.0313436574074,203.95502122685184,2.0,0.03582875,8,3,5,0.375,0.6,8,20.0,34.0,2.5,4.25,0.5882352941176471,2,3,1.0,1
391a3aa8-fb43-4fdd-9805-3bfd8b34632e,True,2025-09-05 14:59:36.181000+00:00,2026-03-03 12:23:51.600000+00:00,766,136,178.8918451273148,0.06283090277777778,5.632352941176471,0.013322800925925925,765,287,478,0.37516339869281046,0.600418410041841,759,1541.0,1637.0,2.0303030303030303,2.1567852437417656,0.9413561392791692,7,13,0.0,1
399731f4-b194-413c-b310-459411a1e7e5,False,2025-06-11 14:37:44.165000+00:00,2025-06-15 15:20:35.713000+00:00,20,5,4.029763287037037,260.94009811342596,4.0,0.010922731481481481,20,7,13,0.35,0.5384615384615384,20,41.0,53.0,2.05,2.65,0.7735849056603774,3,5,0.0,1
39a33f50-17ae-4be7-ad88-211705fbb09a,False,2025-07-18 22:31:12.174000+00:00,2025-08-25 15:30:24.857000+00:00,83,11,37.70778568287037,189.93327931712963,7.545454545454546,0.014925046296296297,83,36,47,0.43373493975903615,0.7659574468085106,83,160.0,208.0,1.927710843373494,2.5060240963855422,0.7692307692307693,5,6,0.0,1
39b500f8-20dd-4d45-a239-cbec43f8ec40,True,2025-03-07 23:28:18.289000+00:00,2026-03-03 13:01:06.776000+00:00,429,105,360.5644500810185,0.03696081018518519,4.085714285714285,0.023313072916666663,429,192,237,0.44755244755244755,0.810126582278481,421,1399.0,1774.0,3.323040380047506,4.2137767220902616,0.7886133032694476,7,8,0.027972027972027972,3
39d13609-779a-4485-b8ef-cd48e6eea7fa,False,2026-02-14 18:55:15.603000+00:00,2026-02-14 19:12:58.428000+00:00,3,1,0.012301215277777779,16.778724097222224,3.0,0.006150607638888889,3,0,3,0.0,0.0,3,0.0,7.0,0.0,2.3333333333333335,0.0,0,3,0.0,1
39def4f4-ba65-4055-b098-4e143f58681c,False,2026-02-05 12:07:02.015000+00:00,2026-02-05 12:07:02.015000+00:00,1,1,0.0,26.07451591435185,1.0,,1,0,1,0.0,0.0,1,2.0,2.0,2.0,2.0,1.0,0,1,0.0,1
39e5e7be-7029-47b2-8e6a-e725a1c5ac6b,False,2026-01-25 15:20:45.858000+00:00,2026-02-07 16:16:57.860000+00:00,26,7,13.039027800925927,23.900952893518518,3.7142857142857144,0.013360960648148148,26,12,14,0.46153846153846156,0.8571428571428571,26,34.0,80.0,1.3076923076923077,3.076923076923077,0.425,2,3,0.0,1
39fe0832-6556-4bbf-a15e-e3c85179916d,True,2025-03-05 09:55:59.563000+00:00,2026-01-04 22:14:59.814000+00:00,24,7,305.513197349537,57.65231916666667,3.4285714285714284,0.01680230324074074,24,6,18,0.25,0.3333333333333333,24,42.0,68.0,1.75,2.8333333333333335,0.6176470588235294,2,8,0.0,2
3a354b36-42e5-4970-a283-7c68b129798d,True,2025-03-06 02:23:58.932000+00:00,2026-02-21 22:15:50.986000+00:00,241,69,352.8276858101852,9.651726898148148,3.4927536231884058,0.02342020833333333,241,130,111,0.5394190871369294,1.1711711711711712,241,1267.0,1021.0,5.257261410788382,4.236514522821577,1.2409402546523016,6,5,0.1991701244813278,3
3a78d7e1-72d8-4998-ab9d-d77b87659d7b,False,2025-06-15 18:05:51.572000+00:00,2025-07-23 19:03:32.541000+00:00,9,4,38.040057511574076,222.78527371527778,2.25,0.011917042824074076,9,4,5,0.4444444444444444,0.8,9,12.0,20.0,1.3333333333333333,2.2222222222222223,0.6,3,4,0.0,1
3abed14a-082c-4324-adea-f28f1edf2710,False,2025-06-06 02:14:21.971000+00:00,2026-01-18 19:42:32.391000+00:00,143,14,226.72789837962966,43.758192118055554,10.214285714285714,0.009894375,143,67,76,0.46853146853146854,0.881578947368421,143,393.0,383.0,2.7482517482517483,2.6783216783216783,1.0261096605744124,5,7,0.11188811188811189,3
3adcdd9b-999a-4fc2-8cda-773a8cde59ab,True,2025-06-10 18:08:15.318000+00:00,2026-03-01 22:30:04.302000+00:00,84,27,264.18181694444445,1.6418505555555556,3.111111111111111,0.02679391203703704,84,44,40,0.5238095238095238,1.1,84,531.0,350.0,6.321428571428571,4.166666666666667,1.5171428571428571,4,5,0.30952380952380953,3
3b1c6b20-c4f8-44b1-8ddd-0841d575a545,True,2025-09-14 20:35:50.222000+00:00,2025-10-07 18:41:10.652000+00:00,52,11,22.920375347222222,146.80080483796297,4.7272727272727275,0.021660300925925927,52,24,28,0.46153846153846156,0.8571428571428571,52,302.0,181.0,5.8076923076923075,3.480769230769231,1.6685082872928176,4,4,0.9615384615384616,3
3b235557-acbe-41af-bb70-4ed8f8a43afe,False,2025-04-01 23:15:52.888000+00:00,2025-04-24 02:07:15.447000+00:00,13,8,22.119011099537037,313.49102711805557,1.625,0.059357528935185186,13,9,4,0.6923076923076923,2.25,13,78.0,38.0,6.0,2.923076923076923,2.0526315789473686,7,2,0.0,2
3bc50cd7-0013-4c7d-a06a-fc4aa31443f9,True,2025-03-17 23:00:22.146000+00:00,2026-02-01 17:10:01.195000+00:00,657,93,320.7567019560185,29.864108738425927,7.064516129032258,0.022000584490740736,657,317,340,0.4824961948249619,0.9323529411764706,657,2445.0,2755.0,3.721461187214612,4.193302891933029,0.8874773139745916,8,10,0.7640791476407914,3
3c444a6c-5223-42e4-af12-cbc115750747,False,2025-10-25 07:32:07.332000+00:00,2025-10-25 07:32:07.332000+00:00,1,1,0.0,129.26542659722222,1.0,,1,0,1,0.0,0.0,1,0.0,0.0,0.0,0.0,,0,1,0.0,1
3ccac9f0-d496-4401-af9b-e858fe00a4d0,True,2025-08-29 13:58:32.836000+00:00,2026-02-14 15:01:56.909000+00:00,33,9,169.0440286226852,16.953047233796294,3.6666666666666665,0.015233483796296297,33,16,17,0.48484848484848486,0.9411764705882353,33,68.0,74.0,2.0606060606060606,2.242424242424242,0.918918918918919,4,4,0.0,2
3db61f2f-79ee-4def-8182-ead8d8eb90ee,False,2026-02-19 23:46:23.388000+00:00,2026-02-26 00:37:56.639000+00:00,10,4,6.035801516203704,5.553050358796296,2.5,0.018229108796296294,10,7,3,0.7,2.3333333333333335,10,45.0,33.0,4.5,3.3,1.3636363636363635,3,1,0.0,2
3e3c515e-882d-463e-89d9-1fedbe06cfba,False,2025-04-19 01:03:43.341000+00:00,2025-04-19 01:17:21.145000+00:00,2,1,0.009465324074074074,318.5256833912037,2.0,0.009465324074074074,2,0,2,0.0,0.0,2,0.0,7.0,0.0,3.5,0.0,0,2,0.0,1
3ec115ef-1977-461c-9f89-b7f8ba1559c6,False,2025-03-28 05:30:59.871000+00:00,2025-12-29 04:58:13.590000+00:00,31,13,275.9772421180556,64.3722986111111,2.3846153846153846,0.06541428819444445,31,21,10,0.6774193548387096,2.1,31,165.0,128.0,5.32258064516129,4.129032258064516,1.2890625,6,2,0.3225806451612903,3
3f308c9c-5346-47ac-a303-2193a7facd5f,False,2025-07-23 17:17:32.691000+00:00,2026-02-01 19:32:48.174000+00:00,67,26,193.09392920138887,29.764953888888886,2.576923076923077,0.08299640046296297,67,22,45,0.3283582089552239,0.4888888888888889,67,108.0,161.0,1.6119402985074627,2.4029850746268657,0.6708074534161491,3,10,0.0,1
4007e204-dd8a-4d98-ad2b-3d0b2287d843,False,2025-03-28 19:59:44.872000+00:00,2025-12-20 00:26:55.462000+00:00,80,20,266.1855392361111,73.56070287037038,4.0,0.0192134375,80,46,34,0.575,1.3529411764705883,80,371.0,299.0,4.6375,3.7375,1.2408026755852843,5,4,0.175,3
40a527a9-b722-46d0-b03f-d19f76339cd8,True,2025-03-23 02:04:58.147000+00:00,2026-01-03 23:22:09.225000+00:00,81,30,286.88693377314814,58.60568246527777,2.7,0.015380121527777778,81,33,48,0.4074074074074074,0.6875,81,91.0,284.0,1.123456790123457,3.506172839506173,0.3204225352112676,4,13,0.04938271604938271,3
40a8ca30-92bc-44a0-9c12-c05420399adc,True,2025-03-05 03:56:34.305000+00:00,2025-11-30 21:32:53.419000+00:00,204,38,270.7335545601852,92.68155984953704,5.368421052631579,0.026710219907407406,204,120,84,0.5882352941176471,1.4285714285714286,204,1023.0,625.0,5.014705882352941,3.0637254901960786,1.6368,14,6,0.9068627450980392,3
40cd0d86-82e4-4863-af4b-522c53f00f12,False,2025-04-01 16:46:35.059000+00:00,2025-04-20 17:28:02.269000+00:00,27,5,19.028787152777777,316.85159630787035,5.4,0.015608906249999999,27,11,16,0.4074074074074074,0.6875,27,62.0,128.0,2.2962962962962963,4.7407407407407405,0.484375,3,8,0.0,1
413153a8-703c-4660-82c0-216bd21eb6e8,True,2025-05-23 03:37:27.401000+00:00,2026-03-02 20:58:32.033000+00:00,1974,219,283.7229702777778,0.7054184837962962,9.013698630136986,0.020624409722222223,1974,989,985,0.5010131712259371,1.0040609137055838,1974,8361.0,8483.0,4.235562310030395,4.297365754812564,0.9856182954143581,11,9,0.8439716312056738,3
42ec3e96-34e1-4031-865b-03f47ac7aa86,False,2025-03-16 17:16:21.736000+00:00,2025-04-03 19:51:46.963000+00:00,72,10,18.107930868055554,333.75177346064817,7.2,0.017449583333333334,72,31,41,0.4305555555555556,0.7560975609756098,72,285.0,284.0,3.9583333333333335,3.9444444444444446,1.0035211267605635,10,5,0.5277777777777778,3
430d8274-b0b9-4185-9ce9-761dbef1278c,True,2025-03-04 21:02:52.376000+00:00,2025-11-09 18:41:49.493000+00:00,644,130,249.90204996527777,113.80035528935186,4.953846153846154,0.024453923611111112,643,337,306,0.5241057542768274,1.1013071895424837,644,3315.0,2553.0,5.14751552795031,3.9642857142857144,1.298472385428907,9,6,0.7981366459627329,3
43841c0a-e11f-4522-9fc3-a116edea6fce,False,2025-03-27 20:47:03.016000+00:00,2025-06-19 20:30:07.599000+00:00,75,18,83.98824748842593,256.7251457291666,4.166666666666667,0.019551822916666666,75,31,44,0.41333333333333333,0.7045454545454546,75,123.0,315.0,1.64,4.2,0.3904761904761905,6,5,0.5733333333333334,3
44448575-75e3-401e-aae8-cab2f59859d8,False,2025-06-15 05:46:52.044000+00:00,2025-06-22 06:50:00.250000+00:00,9,2,7.043844976851852,254.2946752314815,4.5,0.02383221064814815,9,4,5,0.4444444444444444,0.8,9,4.0,28.0,0.4444444444444444,3.111111111111111,0.14285714285714285,4,5,0.0,1
4483f012-8858-4790-80eb-5a6e47868622,True,2025-07-07 16:54:20.874000+00:00,2026-01-30 15:56:45.109000+00:00,104,10,206.9600027199074,31.914989363425924,10.4,0.013417245370370371,104,62,42,0.5961538461538461,1.4761904761904763,104,381.0,235.0,3.6634615384615383,2.2596153846153846,1.6212765957446809,9,4,0.009615384615384616,2
448dd87d-278a-4840-b4a7-6dbafeddfdae,True,2026-01-26 19:09:35.499000+00:00,2026-03-02 18:22:00.552000+00:00,128,24,34.96695663194444,0.8141161805555557,5.333333333333333,0.020968101851851852,128,69,59,0.5390625,1.1694915254237288,128,431.0,393.0,3.3671875,3.0703125,1.0966921119592876,8,4,0.0,2
4575406b-8212-473d-b9b3-85790983da78,False,2025-03-12 21:37:41.250000+00:00,2025-05-21 20:08:24.708000+00:00,4,2,69.9380029861111,285.7402254861111,2.0,0.01745440972222222,4,3,1,0.75,3.0,4,2.0,17.0,0.5,4.25,0.11764705882352941,2,1,0.0,2
45814d62-b76e-41d4-a2aa-09e2b34e4145,False,2025-09-16 05:38:13.928000+00:00,2025-09-17 07:24:09.811000+00:00,7,2,1.0735634606481481,167.27095346064814,3.5,0.013230561342592592,7,2,5,0.2857142857142857,0.4,7,5.0,21.0,0.7142857142857143,3.0,0.23809523809523808,2,4,0.0,1
45e2ebd2-e9e9-444a-bf49-1721ed2e104e,False,2026-02-24 03:28:20.855000+00:00,2026-02-24 03:28:20.855000+00:00,1,1,0.0,7.4347145254629625,1.0,,1,1,0,1.0,,1,0.0,2.0,0.0,2.0,0.0,1,0,0.0,1
45f5d53b-2c0a-45bc-988f-65c855002d10,False,2025-03-09 15:50:32.489000+00:00,2026-02-09 23:17:15.116000+00:00,30,10,337.3102155902778,21.60908650462963,3.0,0.10492907407407406,30,15,15,0.5,1.0,30,53.0,102.0,1.7666666666666666,3.4,0.5196078431372549,4,4,0.0,2
460c2c3c-4934-47e0-a2e7-9e46a471f171,False,2025-03-19 04:03:47.533000+00:00,2025-03-26 05:39:54.128000+00:00,16,8,7.066742997685185,342.34335719907403,2.0,0.020582662037037038,16,6,10,0.375,0.6,16,35.0,64.0,2.1875,4.0,0.546875,3,4,0.0,2
467368ce-12ba-4cf0-aaae-ca782fba7150,True,2025-11-18 11:20:37.115000+00:00,2026-02-18 14:02:55.612000+00:00,124,24,92.11271408564815,12.994034467592593,5.166666666666667,0.02337778935185185,124,58,66,0.46774193548387094,0.8787878787878788,124,201.0,359.0,1.6209677419354838,2.8951612903225805,0.5598885793871866,6,6,0.0,2
46aeffe5-5acc-41cb-ad90-944d7dd6b487,False,2025-06-22 09:40:24.317000+00:00,2025-06-23 15:27:34.668000+00:00,8,2,1.241092025462963,252.93524909722223,4.0,0.01754619212962963,8,2,6,0.25,0.3333333333333333,8,25.0,26.0,3.125,3.25,0.9615384615384616,1,4,1.0,1
474f75ea-c8e3-4d2f-a965-5f054b1c8af9,True,2025-03-30 10:29:41.379000+00:00,2026-02-22 18:03:22.816000+00:00,13,8,329.3150629282407,8.827052939814815,1.625,0.391855630787037,13,5,8,0.38461538461538464,0.625,13,16.0,41.0,1.2307692307692308,3.1538461538461537,0.3902439024390244,2,4,0.0,2
480d96f8-d032-42f4-b7b1-e62a553bafb1,False,2025-03-05 13:13:54.746000+00:00,2026-02-07 14:37:48.385000+00:00,58,10,339.05825971064814,23.96981255787037,5.8,0.02136412037037037,58,26,32,0.4482758620689655,0.8125,58,191.0,227.0,3.293103448275862,3.913793103448276,0.8414096916299559,4,5,0.034482758620689655,3
4862116c-7fd5-4eb1-b8ad-e7ddb89835d8,True,2025-06-13 20:32:23.633000+00:00,2025-08-11 15:25:39.671000+00:00,242,38,58.78699118055555,203.93658008101852,6.368421052631579,0.023390983796296297,242,124,118,0.512396694214876,1.0508474576271187,242,847.0,1026.0,3.5,4.239669421487603,0.8255360623781677,7,9,0.768595041322314,3
48aecda7-6d11-4378-ba17-080031f9b5aa,True,2025-03-07 19:27:00.643000+00:00,2026-03-02 08:28:18.398000+00:00,76,40,359.5425666087963,1.2264096296296296,1.9,0.5345846527777778,76,39,37,0.5131578947368421,1.054054054054054,76,275.0,289.0,3.6184210526315788,3.8026315789473686,0.9515570934256056,6,4,0.4473684210526316,3
48f8cab7-a667-4be1-8ef3-ee7c741c7e3b,False,2025-03-17 22:22:47.925000+00:00,2025-08-11 06:04:25.219000+00:00,4,3,146.3205705324074,204.32633068287038,1.3333333333333333,32.70729789351852,4,1,3,0.25,0.3333333333333333,4,10.0,11.0,2.5,2.75,0.9090909090909091,1,2,0.0,2
49321014-54d0-4e63-9a92-40f18b99c330,True,2026-01-25 22:53:40.346000+00:00,2026-03-03 03:05:22.656000+00:00,89,24,36.17479525462963,0.4506659027777778,3.7083333333333335,0.02344310185185185,89,37,52,0.4157303370786517,0.7115384615384616,89,344.0,300.0,3.865168539325843,3.3707865168539324,1.1466666666666667,7,6,0.0,2
49599d92-8f46-46c7-95dd-e0e7c92a00c2,False,2025-08-10 15:09:24.993000+00:00,2025-08-11 22:57:17.653000+00:00,4,2,1.3249150462962964,203.6229460300926,2.0,0.01124025462962963,4,2,2,0.5,1.0,4,3.0,10.0,0.75,2.5,0.3,2,2,0.0,1
495ced14-a1d5-4bfb-8316-f66b5faeaefe,True,2025-03-05 14:29:10.960000+00:00,2026-03-02 00:56:27.003000+00:00,350,108,361.4356023495371,1.540198923611111,3.240740740740741,0.028669062500000002,350,198,152,0.5657142857142857,1.3026315789473684,350,1914.0,1433.0,5.468571428571429,4.094285714285714,1.335659455687369,9,9,0.9628571428571429,3
4969b22d-069a-44ec-9431-3ea9b14d102e,False,2025-04-25 11:46:12.573000+00:00,2025-05-07 21:47:13.088000+00:00,36,10,12.417367071759259,299.67160997685187,3.6,0.018664849537037037,36,23,13,0.6388888888888888,1.7692307692307692,36,234.0,136.0,6.5,3.7777777777777777,1.7205882352941178,7,3,0.0,1
4a379d1a-7738-40ea-ae72-7ef1dc946933,True,2025-06-21 16:39:22.454000+00:00,2026-01-06 16:23:11.192000+00:00,56,12,198.9887585416667,55.89663192129629,4.666666666666667,0.015451805555555555,56,34,22,0.6071428571428571,1.5454545454545454,56,221.0,184.0,3.9464285714285716,3.2857142857142856,1.201086956521739,7,3,0.017857142857142856,3
4a470511-4d6f-4ad4-8983-6ea433ce03e1,False,2025-07-27 22:36:12.086000+00:00,2025-08-12 21:48:53.915000+00:00,14,3,15.96715079861111,202.67044299768517,4.666666666666667,0.026933333333333333,14,4,10,0.2857142857142857,0.4,14,40.0,43.0,2.857142857142857,3.0714285714285716,0.9302325581395349,1,4,0.0,1
4a4de1aa-8709-4105-b15a-4debc991dfa1,True,2025-03-04 15:53:56.274000+00:00,2026-02-20 00:50:30.781000+00:00,272,66,352.3726216087963,11.544321863425926,4.121212121212121,0.019933726851851852,272,136,136,0.5,1.0,272,631.0,1005.0,2.3198529411764706,3.6948529411764706,0.6278606965174129,8,6,0.4485294117647059,3
4a7af5c3-d84b-4db5-9c19-11dbdebae51a,False,2025-06-13 23:56:07.528000+00:00,2025-06-14 15:49:43.833000+00:00,6,2,0.6622257523148148,261.91986524305554,3.0,0.01402861111111111,6,3,3,0.5,1.0,6,15.0,10.0,2.5,1.6666666666666667,1.5,3,3,0.0,1
4a7d2a15-3fc5-4b23-ba20-11c988c3a10f,True,2026-01-21 20:42:43.411000+00:00,2026-02-28 19:40:09.210000+00:00,42,14,37.95654859953704,2.7598493055555555,3.0,0.014330405092592593,42,20,22,0.47619047619047616,0.9090909090909091,42,114.0,114.0,2.7142857142857144,2.7142857142857144,1.0,4,6,0.0,2
4a81f8aa-4bb8-482c-97d8-d8579551c62a,False,2025-07-01 20:55:41.325000+00:00,2025-07-21 23:37:21.638000+00:00,8,2,20.112272141203704,224.59512212962963,4.0,0.021373275462962964,8,4,4,0.5,1.0,8,43.0,31.0,5.375,3.875,1.3870967741935485,3,2,0.625,2
4a925fea-0e0a-4e1c-aa01-1325f733ce67,False,2026-01-10 13:51:30.460000+00:00,2026-01-10 13:51:30.460000+00:00,1,1,0.0,52.0019644675926,1.0,,1,0,1,0.0,0.0,1,0.0,0.0,0.0,0.0,,0,1,0.0,1
4acd6a75-d74d-47a9-b101-c4529f57e0e3,True,2025-04-04 22:33:35.529000+00:00,2025-12-24 09:34:36.168000+00:00,32,13,263.4590351736111,69.180370625,2.4615384615384617,0.035680023148148145,32,18,14,0.5625,1.2857142857142858,28,96.0,104.0,3.4285714285714284,3.7142857142857144,0.9230769230769231,5,4,0.34375,3
4b11530e-0d00-41d6-bc49-15dcdce89666,False,2025-03-04 22:46:55.269000+00:00,2026-02-14 22:51:54.559000+00:00,502,115,347.0034640046296,16.62668554398148,4.3652173913043475,0.02250096064814815,502,241,261,0.4800796812749004,0.9233716475095786,502,2528.0,2254.0,5.035856573705179,4.49003984063745,1.1215616681455192,8,9,0.9322709163346613,3
4b510755-ebe5-4647-8527-354f926ab75e,False,2025-11-15 23:10:41.505000+00:00,2025-11-16 17:51:47.858000+00:00,7,2,0.7785457523148148,106.83509643518519,3.5,0.029233541666666665,7,6,1,0.8571428571428571,6.0,7,16.0,31.0,2.2857142857142856,4.428571428571429,0.5161290322580645,5,1,0.0,1
4b9a0e8e-0e27-42bc-b4a5-ac4ce41fd1c8,False,2025-11-20 08:13:43.335000+00:00,2025-11-20 19:25:31.339000+00:00,3,1,0.46652782407407406,102.77000984953703,3.0,0.23326391203703703,3,2,1,0.6666666666666666,2.0,3,3.0,7.0,1.0,2.3333333333333335,0.42857142857142855,1,1,0.0,1
4bb3ce79-7090-44a5-b935-b4f68958a2eb,True,2025-03-23 13:01:36.035000+00:00,2025-07-04 14:45:01.096000+00:00,26,12,103.07181783564816,241.9648043287037,2.1666666666666665,0.029391319444444442,26,17,9,0.6538461538461539,1.8888888888888888,26,65.0,86.0,2.5,3.3076923076923075,0.7558139534883721,8,3,0.0,2
4c585310-78c9-4f1d-a595-94728cf29450,True,2025-07-19 09:13:04.050000+00:00,2025-12-15 03:53:49.298000+00:00,121,38,148.77830148148146,78.41702421296296,3.1842105263157894,0.02056320601851852,121,62,59,0.512396694214876,1.0508474576271187,121,351.0,274.0,2.9008264462809916,2.2644628099173554,1.281021897810219,4,6,0.0,2
4cb018a6-154e-4914-9611-4bf33494ac32,False,2025-03-11 17:42:10.855000+00:00,2025-03-11 18:01:13.801000+00:00,2,1,0.013228541666666666,356.82854616898146,2.0,0.013228541666666666,2,1,1,0.5,1.0,2,4.0,3.0,2.0,1.5,1.3333333333333333,1,1,0.0,1
4cd94749-2770-4327-b31d-37a39c521439,False,2025-07-16 13:32:42.048000+00:00,2025-09-17 09:36:48.546000+00:00,41,16,62.836186319444444,167.17883847222222,2.5625,0.021503009259259256,41,23,18,0.5609756097560976,1.2777777777777777,41,153.0,152.0,3.731707317073171,3.707317073170732,1.006578947368421,9,7,0.4146341463414634,3
4d0df0b0-84dc-45eb-b87f-356e7009aab0,True,2025-07-19 10:05:08.213000+00:00,2026-02-21 13:53:03.304000+00:00,66,14,217.15827651620367,10.00088988425926,4.714285714285714,0.01451744212962963,66,28,38,0.42424242424242425,0.7368421052631579,66,31.0,207.0,0.4696969696969697,3.1363636363636362,0.1497584541062802,3,12,0.0,1
4d6e5090-26dd-42c8-b3a3-04d4ac0bdd66,True,2025-08-16 15:28:39.362000+00:00,2026-02-17 19:57:00.776000+00:00,30,8,185.18635895833333,13.748141365740741,3.75,0.016760439814814815,30,5,25,0.16666666666666666,0.2,30,13.0,68.0,0.43333333333333335,2.2666666666666666,0.19117647058823528,1,8,0.0,1
4d72890e-f44c-4085-9e09-8586dc03d9da,False,2025-12-19 05:02:05.513000+00:00,2026-02-26 22:28:20.534000+00:00,13,5,69.72656274305555,4.643051574074074,2.6,0.23888426504629628,13,4,9,0.3076923076923077,0.4444444444444444,13,1.0,26.0,0.07692307692307693,2.0,0.038461538461538464,1,3,0.0,1
4e5c1c17-8eb8-4b27-b88b-b47c34cc47b1,False,2025-03-16 02:31:23.335000+00:00,2026-01-08 09:08:23.449000+00:00,55,8,298.2756957638889,54.19857339120371,6.875,0.012265619212962962,55,31,24,0.5636363636363636,1.2916666666666667,55,32.0,173.0,0.5818181818181818,3.1454545454545455,0.18497109826589594,6,3,0.0,2
4e5dc5a9-f7a0-41fd-8918-e2300f04e042,True,2025-09-06 15:02:01.978000+00:00,2026-02-24 00:42:42.121000+00:00,265,47,170.40324239583333,7.549746168981482,5.638297872340425,0.012651383101851852,265,100,165,0.37735849056603776,0.6060606060606061,265,406.0,591.0,1.5320754716981133,2.230188679245283,0.6869712351945855,6,11,0.01509433962264151,3
4e74d4d9-b767-4f0f-9540-b3b6c2bd74a6,False,2025-03-04 18:50:59.973000+00:00,2026-02-11 15:56:59.075000+00:00,29,8,343.87915627314817,19.914827719907407,3.625,0.01750249421296296,29,17,12,0.5862068965517241,1.4166666666666667,29,109.0,101.0,3.7586206896551726,3.4827586206896552,1.0792079207920793,3,3,0.0,2
4e9a5f42-6757-4766-96ea-8bd1580e6eaa,False,2026-01-09 15:32:56.887000+00:00,2026-01-09 15:54:34.434000+00:00,2,1,0.015017905092592593,52.916501805555555,2.0,0.015017905092592593,2,2,0,1.0,,2,3.0,9.0,1.5,4.5,0.3333333333333333,2,0,0.0,1
4e9b36f3-e604-4134-907c-06976669f805,False,2025-07-18 01:25:26.704000+00:00,2025-07-18 01:31:00.790000+00:00,2,1,0.003866736111111111,228.51619675925923,2.0,0.003866736111111111,2,1,1,0.5,1.0,2,1.0,2.0,0.5,1.0,0.5,1,1,0.0,1
4ed4d560-7e79-48c9-bf1a-6a2163d9d2f5,False,2025-03-11 14:43:16.275000+00:00,2025-04-22 12:41:52.771000+00:00,17,5,41.91570018518518,315.050317349537,3.4,0.01761839699074074,17,9,8,0.5294117647058824,1.125,17,37.0,66.0,2.176470588235294,3.8823529411764706,0.5606060606060606,4,3,0.0,2
4f7f6491-df46-460b-9ca3-d5af484fea62,False,2025-12-18 20:51:56.675000+00:00,2025-12-18 20:51:56.675000+00:00,1,1,0.0,74.70999438657407,1.0,,1,0,1,0.0,0.0,1,0.0,4.0,0.0,4.0,0.0,0,1,0.0,1
4fa828f3-3e3a-40c8-b009-c12ce50577f4,False,2025-12-14 02:25:08.953000+00:00,2025-12-31 08:29:11.122000+00:00,11,2,17.252802881944444,62.22579939814815,5.5,0.012314126157407408,11,8,3,0.7272727272727273,2.6666666666666665,11,28.0,33.0,2.5454545454545454,3.0,0.8484848484848485,4,1,0.0,1
4ff17c25-dac2-47f3-b130-5081e024132e,False,2025-05-22 03:29:05.594000+00:00,2026-01-13 21:51:18.574000+00:00,117,21,236.76542800925927,48.668768703703705,5.571428571428571,0.03040100115740741,117,69,48,0.5897435897435898,1.4375,117,664.0,384.0,5.6752136752136755,3.282051282051282,1.7291666666666667,10,6,0.6495726495726496,3
4ff65e8e-239d-4087-97ae-995086942725,False,2025-06-12 23:47:37.762000+00:00,2025-07-21 03:31:36.921000+00:00,16,5,38.15554582175926,225.43244524305558,3.2,0.01677826388888889,16,10,6,0.625,1.6666666666666667,16,53.0,49.0,3.3125,3.0625,1.0816326530612246,4,1,0.0,2
50672c28-166d-40f8-92d6-a47e97e15886,False,2025-07-23 16:32:45.057000+00:00,2026-01-30 20:53:55.750000+00:00,2,2,191.18137376157406,31.708616203703702,1.0,191.18137376157406,2,0,2,0.0,0.0,2,0.0,5.0,0.0,2.5,0.0,0,2,0.0,1
5072ca80-3b6a-48f3-9d3e-12c036f1dfaa,False,2025-09-24 22:35:05.351000+00:00,2025-09-24 22:35:05.351000+00:00,1,1,0.0,159.63836619212964,1.0,,1,0,1,0.0,0.0,1,0.0,4.0,0.0,4.0,0.0,0,1,0.0,1
50fd49ab-b4de-4f99-a05e-d8b7fed5fe37,False,2025-04-10 11:52:43.642000+00:00,2026-02-18 06:32:06.078000+00:00,9,6,313.77734300925925,13.307107777777777,1.5,1.9351820081018518,9,7,2,0.7777777777777778,3.5,9,54.0,40.0,6.0,4.444444444444445,1.35,5,1,0.6666666666666666,2
510a1ab6-2ef0-41f6-9343-f7be79521eb1,True,2025-06-18 21:33:43.618000+00:00,2026-02-28 01:03:40.388000+00:00,304,74,254.14579594907406,3.535182893518519,4.108108108108108,0.018945659722222223,304,119,185,0.39144736842105265,0.6432432432432432,304,763.0,982.0,2.5098684210526314,3.2302631578947367,0.7769857433808554,6,9,0.2532894736842105,3
5172c706-9ada-46ae-9de6-f2c6db2e4a1b,True,2026-02-12 23:12:01.020000+00:00,2026-03-03 02:01:16.229000+00:00,44,10,18.117537141203705,0.49518473379629635,4.4,0.028936145833333333,44,19,25,0.4318181818181818,0.76,44,230.0,172.0,5.2272727272727275,3.909090909090909,1.3372093023255813,3,7,0.9772727272727273,2
51a74d53-5fec-4a91-8493-cf97b2f5e56c,True,2025-03-04 22:41:03.664000+00:00,2026-01-23 02:31:34.436000+00:00,650,139,324.1600783796296,39.4741406712963,4.676258992805756,0.023006909722222222,649,347,302,0.5346687211093991,1.1490066225165563,637,2955.0,2642.0,4.638932496075353,4.14756671899529,1.1184708554125662,9,8,0.8538461538461538,3
51d1c3d8-fe10-45b0-8dfe-38d720997d87,True,2025-10-15 16:30:53.416000+00:00,2026-02-26 03:09:56.471000+00:00,12,5,133.4437853587963,5.447496747685185,2.4,0.015725439814814817,12,7,5,0.5833333333333334,1.4,12,27.0,27.0,2.25,2.25,1.0,3,2,0.0,1
52000f80-112c-4f7f-ae90-269ed53a89f5,False,2025-06-12 10:04:12.060000+00:00,2025-06-12 10:04:12.060000+00:00,1,1,0.0,264.1598163194444,1.0,,1,0,1,0.0,0.0,1,4.0,5.0,4.0,5.0,0.8,0,1,0.0,1
522214d3-c29e-4fff-a1e9-f69dba6a2b98,True,2025-07-24 20:56:03.901000+00:00,2025-07-25 12:43:55.659000+00:00,5,2,0.6582379398148148,221.04889503472222,2.5,0.08193262152777778,5,3,2,0.6,1.5,5,13.0,11.0,2.6,2.2,1.1818181818181819,3,1,0.0,1
52472c15-132a-4f9a-8e63-55ebcec96f31,True,2025-03-10 22:37:12.633000+00:00,2026-02-24 04:51:58.967000+00:00,525,93,350.26025849537035,7.376634525462963,5.645161290322581,0.02270308449074074,525,265,260,0.5047619047619047,1.0192307692307692,525,2050.0,1952.0,3.9047619047619047,3.718095238095238,1.0502049180327868,8,7,0.4,3
52dc4e9f-c960-47d4-8b51-6a217a9e2489,True,2025-07-08 18:20:09.680000+00:00,2026-03-02 19:17:37.721000+00:00,638,102,237.03990788194446,0.7754915393518518,6.254901960784314,0.011535451388888888,637,184,453,0.28885400313971743,0.40618101545253865,638,1390.0,1099.0,2.1786833855799372,1.7225705329153604,1.264786169244768,5,16,0.04231974921630094,3
5303fa40-25a1-424f-b698-3c4d4ab5d32f,True,2025-03-04 21:44:29.287000+00:00,2026-03-02 21:53:41.886000+00:00,1268,207,363.00639582175927,0.66711,6.125603864734299,0.014046979166666668,1267,576,691,0.4546172059984215,0.8335745296671491,1268,3277.0,3293.0,2.584384858044164,2.5970031545741326,0.9951412086243547,9,11,0.044952681388012616,3
5315af1f-80c9-42cd-bf8e-b9e71e0f2f55,False,2025-03-28 17:13:34.802000+00:00,2025-06-21 00:19:15.040000+00:00,35,7,84.29560460648148,255.5660318287037,5.0,0.01744257523148148,35,16,19,0.45714285714285713,0.8421052631578947,35,76.0,144.0,2.1714285714285713,4.114285714285714,0.5277777777777778,3,4,0.6,3
533bea5b-a1ce-415e-a1e5-41631d735f96,False,2025-11-16 22:46:49.916000+00:00,2025-11-19 12:10:35.429000+00:00,17,4,2.5581656597222224,104.07204584490741,4.25,0.04531585648148149,17,8,9,0.47058823529411764,0.8888888888888888,17,39.0,44.0,2.2941176470588234,2.588235294117647,0.8863636363636364,4,3,0.0,1
539ce1c4-2295-45bc-a3c3-464a8e7da39d,True,2025-03-18 04:04:22.267000+00:00,2026-02-05 07:13:03.985000+00:00,210,31,324.13103840277773,26.278659780092593,6.774193548387097,0.019538599537037037,210,108,102,0.5142857142857142,1.0588235294117647,210,763.0,681.0,3.6333333333333333,3.242857142857143,1.1204111600587372,6,7,0.319047619047619,3
53dd3a84-eadb-47f4-965e-9b73410cc06a,False,2025-03-24 23:02:51.584000+00:00,2026-01-14 00:01:20.412000+00:00,38,9,295.0406114351852,48.57846965277778,4.222222222222222,0.01477070601851852,38,19,19,0.5,1.0,38,132.0,95.0,3.473684210526316,2.5,1.3894736842105264,3,3,0.0,2
5470aa51-5a8d-4373-92b2-0337ceaa14a6,True,2025-03-24 01:53:08.184000+00:00,2025-11-30 04:53:04.462000+00:00,92,30,251.1249569212963,93.37587648148148,3.066666666666667,0.019039212962962963,92,40,52,0.43478260869565216,0.7692307692307693,92,117.0,306.0,1.2717391304347827,3.3260869565217392,0.38235294117647056,5,7,0.11956521739130435,3
5479c048-bfc3-490e-a5b9-7db4efc8121e,True,2025-06-15 23:04:19.584000+00:00,2026-03-01 22:20:26.960000+00:00,208,61,258.9695298148148,1.6485327546296298,3.4098360655737703,0.028838113425925925,208,83,125,0.39903846153846156,0.664,208,762.0,697.0,3.6634615384615383,3.3509615384615383,1.0932568149210904,10,8,0.23557692307692307,3
54a027a3-0fcc-461f-a6b5-69e246ccebd1,False,2025-03-05 15:09:24.626000+00:00,2025-10-04 12:24:01.580000+00:00,22,5,212.88514993055554,150.06271539351852,4.4,0.020238506944444443,22,10,12,0.45454545454545453,0.8333333333333334,22,78.0,90.0,3.5454545454545454,4.090909090909091,0.8666666666666667,3,4,0.5454545454545454,3
54ab3935-8b95-4f77-974e-e4323de01605,False,2025-08-30 21:13:23.971000+00:00,2025-08-31 09:44:00.359000+00:00,2,2,0.5212544907407407,184.17384063657408,1.0,0.5212544907407407,2,1,1,0.5,1.0,2,19.0,6.0,9.5,3.0,3.1666666666666665,1,1,0.0,1
54d40a17-669c-4b87-82cc-125d9dbd971c,False,2025-09-09 17:17:43.662000+00:00,2025-09-11 16:19:46.184000+00:00,5,2,1.959751412037037,172.89900469907406,2.5,0.011557731481481481,5,2,3,0.4,0.6666666666666666,5,6.0,17.0,1.2,3.4,0.35294117647058826,1,3,0.0,1
5519d982-5a4d-4c65-9355-46e9c615ea5e,False,2025-05-27 03:42:59.085000+00:00,2025-05-27 23:48:42.512000+00:00,14,1,0.8373081828703703,279.5872416435185,14.0,0.015162280092592592,14,13,1,0.9285714285714286,13.0,14,66.0,41.0,4.714285714285714,2.9285714285714284,1.6097560975609757,13,1,0.0,2
55e2e7f5-9fe0-42a8-99b3-1cee663abd39,False,2025-03-17 01:26:16.678000+00:00,2025-08-26 02:48:23.892000+00:00,8,3,162.05702793981482,189.46245715277777,2.6666666666666665,0.016713043981481483,8,4,4,0.5,1.0,8,24.0,35.0,3.0,4.375,0.6857142857142857,2,2,1.0,1
55fe9d71-a900-4166-9b48-4d4219d826d9,True,2025-03-04 18:50:53.464000+00:00,2026-02-11 05:23:11.697000+00:00,43,21,343.43909991898147,20.354959409722223,2.0476190476190474,0.3923269849537037,43,18,25,0.4186046511627907,0.72,43,154.0,180.0,3.5813953488372094,4.186046511627907,0.8555555555555555,4,10,0.32558139534883723,3
5616ffa2-74cf-4c31-b0fa-2360a1b30a3e,False,2025-09-09 13:51:02.437000+00:00,2025-09-19 12:11:20.984000+00:00,4,3,9.930770219907407,165.07151858796297,1.3333333333333333,0.893336550925926,4,3,1,0.75,3.0,4,5.0,14.0,1.25,3.5,0.35714285714285715,3,1,0.0,2
568d8bb4-fc69-4acb-b408-6d160c5434bc,False,2025-06-11 07:24:18.399000+00:00,2025-06-11 07:24:18.399000+00:00,1,1,0.0,265.2708540625,1.0,,1,0,1,0.0,0.0,1,2.0,4.0,2.0,4.0,0.5,0,1,0.0,1
56e25d53-457b-4d6a-8d7d-e0dfc34f7410,False,2025-05-02 00:52:16.572000+00:00,2026-01-08 02:16:25.061000+00:00,124,28,251.05843158564815,54.484665844907404,4.428571428571429,0.021319641203703703,124,57,67,0.4596774193548387,0.8507462686567164,124,499.0,393.0,4.024193548387097,3.1693548387096775,1.2697201017811706,4,10,0.6854838709677419,3
5772ef53-9433-48c0-a59b-09f621062f91,False,2025-12-25 03:54:46.786000+00:00,2026-02-21 01:16:54.032000+00:00,25,5,57.890361643518524,10.525997199074075,5.0,0.020210873842592594,25,14,11,0.56,1.2727272727272727,25,52.0,105.0,2.08,4.2,0.49523809523809526,3,4,0.0,2
57dc58b3-78f5-46e4-b575-22a0ef9e515b,False,2025-04-24 00:12:02.914000+00:00,2025-07-14 01:09:00.725000+00:00,10,7,81.03955799768518,232.53147528935185,1.4285714285714286,1.0538701041666665,10,4,6,0.4,0.6666666666666666,10,57.0,33.0,5.7,3.3,1.7272727272727273,2,4,0.4,2
5813515b-1239-40a0-9f94-33c537ece3d5,False,2025-09-19 15:06:57.895000+00:00,2025-09-19 15:19:06.930000+00:00,2,1,0.008437905092592592,164.94112569444445,2.0,0.008437905092592592,2,0,2,0.0,0.0,2,0.0,7.0,0.0,3.5,0.0,0,2,0.0,1
5879d2e8-a845-41b1-a5c0-a6f24202d00d,False,2025-09-06 11:25:30.943000+00:00,2025-09-20 08:31:30.586000+00:00,15,5,13.879162534722221,164.22418523148147,3.0,0.02027387152777778,15,9,6,0.6,1.5,15,28.0,33.0,1.8666666666666667,2.2,0.8484848484848485,2,2,0.0,1
58a65396-e1b8-409e-bdee-a585a8ed24c5,False,2025-06-25 04:51:51.075000+00:00,2025-06-25 04:51:51.075000+00:00,1,1,0.0,251.37672586805553,1.0,,1,0,1,0.0,0.0,1,0.0,3.0,0.0,3.0,0.0,0,1,0.0,1
58b10805-86d5-412a-b504-f6842240ebf8,False,2025-03-04 19:47:40.312000+00:00,2025-06-10 21:26:58.541000+00:00,199,57,98.0689609837963,265.6856672337963,3.491228070175439,0.020241539351851853,199,97,102,0.48743718592964824,0.9509803921568627,199,940.0,573.0,4.723618090452261,2.879396984924623,1.6404886561954626,8,6,0.0,2
58d0ecb4-8346-48a2-91d8-4ab3d7902cba,True,2025-03-10 05:21:30.064000+00:00,2026-01-19 20:24:30.366000+00:00,229,77,315.62708682870374,42.72904888888889,2.9740259740259742,0.02642509259259259,229,105,124,0.4585152838427948,0.8467741935483871,226,554.0,860.0,2.4513274336283186,3.8053097345132745,0.6441860465116279,7,6,0.4585152838427948,3
597d018b-4635-4c72-93b9-423db24596fb,True,2025-03-06 03:10:07.597000+00:00,2026-03-03 06:48:00.310000+00:00,384,81,362.1513045486111,0.29606342592592594,4.7407407407407405,0.02199960648148148,383,194,189,0.5065274151436031,1.0264550264550265,384,1647.0,1788.0,4.2890625,4.65625,0.9211409395973155,7,7,1.0,1
5994331e-952b-4194-9c28-f110d3498c7d,False,2025-12-06 00:36:54.199000+00:00,2025-12-06 01:10:50.004000+00:00,2,1,0.02356255787037037,87.5302104861111,2.0,0.02356255787037037,2,1,1,0.5,1.0,2,6.0,9.0,3.0,4.5,0.6666666666666666,1,1,0.0,2
59992bb6-5a1c-4726-b45d-7e957658b50b,True,2025-06-21 19:09:45.822000+00:00,2026-02-26 10:51:34.179000+00:00,589,176,249.65403190972222,5.126921423611111,3.346590909090909,0.04817697916666666,589,291,298,0.4940577249575552,0.9765100671140939,586,2100.0,1851.0,3.583617747440273,3.1587030716723548,1.1345218800648298,11,7,0.38879456706281834,3
5a225f2e-d1c2-4bd8-acd1-bd60de31af2d,True,2025-03-30 16:14:02.993000+00:00,2026-03-01 20:52:46.568000+00:00,10,7,336.19355989583335,1.7094169212962964,1.4285714285714286,0.9289171180555555,10,4,6,0.4,0.6666666666666666,10,66.0,34.0,6.6,3.4,1.9411764705882353,2,3,0.1,2
5a471ce9-df74-46e0-a119-e5da532dc725,False,2025-07-03 02:51:59.563000+00:00,2026-01-30 03:25:18.988000+00:00,158,26,211.02314149305556,32.43681946759259,6.076923076923077,0.017968402777777778,158,75,83,0.47468354430379744,0.9036144578313253,158,491.0,545.0,3.107594936708861,3.449367088607595,0.9009174311926605,5,7,0.0,2
5a87b483-6e87-4ffc-9f50-fc9fab188a77,False,2025-03-04 20:03:05.264000+00:00,2026-01-10 23:39:00.843000+00:00,271,59,312.1499488310185,51.59397392361111,4.593220338983051,0.02346840277777778,271,134,137,0.4944649446494465,0.9781021897810219,271,844.0,1131.0,3.114391143911439,4.173431734317343,0.7462422634836428,7,6,0.6937269372693727,3
5ab8d9a6-5f79-4c28-96ef-c23f5724f144,False,2025-04-21 02:25:20.272000+00:00,2025-11-16 05:33:01.466000+00:00,62,14,209.1303378935185,107.34813337962963,4.428571428571429,0.01847804398148148,62,33,29,0.532258064516129,1.1379310344827587,62,300.0,223.0,4.838709677419355,3.596774193548387,1.345291479820628,5,7,0.6935483870967742,3
5bcb74a6-7910-4277-bd8f-c4b4f3e3f884,True,2025-07-09 21:24:31.667000+00:00,2026-03-02 04:03:23.350000+00:00,1091,130,235.27698707175924,1.4103800925925924,8.392307692307693,0.012619947916666667,1091,454,637,0.4161319890009166,0.7127158555729984,1085,2441.0,2515.0,2.249769585253456,2.3179723502304146,0.9705765407554672,9,10,0.04124656278643447,3
5bce2eb4-a479-4e61-af9c-ab23f5787aca,True,2026-02-27 16:09:21.119000+00:00,2026-02-28 07:06:47.974000+00:00,4,2,0.623227488425926,3.2830117592592596,2.0,0.016915983796296295,4,3,1,0.75,3.0,4,11.0,5.0,2.75,1.25,2.2,3,1,0.0,1
5c37d400-7f2e-491a-ab75-2a4c2f569e44,False,2025-05-17 01:04:23.676000+00:00,2026-01-26 06:36:44.007000+00:00,25,11,254.23079086805555,36.30389100694445,2.272727272727273,0.02124460648148148,25,19,6,0.76,3.1666666666666665,25,141.0,93.0,5.64,3.72,1.5161290322580645,5,1,0.6,3
5d24a97c-3b1f-4b8a-8945-b65f11903941,False,2025-06-15 12:22:07.505000+00:00,2025-06-15 12:22:07.505000+00:00,1,1,0.0,261.0640357060185,1.0,,1,0,1,0.0,0.0,1,0.0,2.0,0.0,2.0,0.0,0,1,0.0,1
5d7d83a0-ab9a-4946-8fe1-d46a9417fbbf,True,2026-01-31 00:36:07.942000+00:00,2026-02-27 23:55:26.162000+00:00,110,19,27.97173865740741,3.5825697685185185,5.7894736842105265,0.014637187500000001,110,42,68,0.38181818181818183,0.6176470588235294,110,288.0,362.0,2.618181818181818,3.290909090909091,0.7955801104972375,3,8,0.0,2
5d9e7d24-15a2-4e24-86d4-f1457cfee7cb,False,2025-11-03 06:04:01.760000+00:00,2025-11-03 06:04:01.760000+00:00,1,1,0.0,120.32660219907407,1.0,,1,0,1,0.0,0.0,1,0.0,2.0,0.0,2.0,0.0,0,1,0.0,1
5e5abf10-8f6b-45f2-91cf-ca3cf4a395b5,False,2026-01-16 21:00:05.143000+00:00,2026-02-01 11:23:39.194000+00:00,4,2,15.599699664351851,30.104641157407404,2.0,0.01964023148148148,4,4,0,1.0,,4,9.0,11.0,2.25,2.75,0.8181818181818182,4,0,0.0,1
5edce7f0-3359-45dc-bd75-288f77569bb0,False,2025-08-29 02:20:17.968000+00:00,2025-09-17 01:54:00.155000+00:00,11,3,18.981738275462963,167.50023188657408,3.6666666666666665,0.01866719328703704,11,7,4,0.6363636363636364,1.75,11,34.0,38.0,3.090909090909091,3.4545454545454546,0.8947368421052632,4,2,0.8181818181818182,3
5ee5dff4-abf4-4a1f-b468-43d498d0b4f8,False,2025-06-15 13:06:42.484000+00:00,2025-06-24 12:23:02.972000+00:00,13,5,8.969681574074075,252.06339372685184,2.6,0.01934446759259259,13,4,9,0.3076923076923077,0.4444444444444444,13,9.0,28.0,0.6923076923076923,2.1538461538461537,0.32142857142857145,1,5,0.0,1
5f489290-feb7-4ec0-9274-c3eace04096a,True,2026-03-01 13:32:12.620000+00:00,2026-03-01 14:39:46.689000+00:00,4,1,0.046922094907407404,1.968443298611111,4.0,0.016761145833333334,4,3,1,0.75,3.0,4,11.0,12.0,2.75,3.0,0.9166666666666666,3,1,0.0,2
60038613-6b70-4588-a24a-863ed46bcf15,True,2025-07-15 16:46:34.918000+00:00,2026-01-26 06:27:47.511000+00:00,103,27,194.5702846412037,36.31010045138889,3.814814814814815,0.01483746527777778,103,38,65,0.36893203883495146,0.5846153846153846,103,159.0,319.0,1.5436893203883495,3.0970873786407767,0.49843260188087773,4,9,0.0,1
60290046-24b4-4a63-b727-97f419ad0138,True,2026-02-10 04:33:12.179000+00:00,2026-02-11 15:43:58.598000+00:00,10,2,1.465815034722222,19.92386101851852,5.0,0.02140087962962963,10,2,8,0.2,0.25,10,24.0,44.0,2.4,4.4,0.5454545454545454,2,6,0.3,3
60819279-45f6-45d5-b987-1cb3884e20b8,True,2025-04-09 16:01:04.939000+00:00,2025-04-18 12:59:07.477000+00:00,34,7,8.87364048611111,319.03834158564814,4.857142857142857,0.023415983796296298,34,15,19,0.4411764705882353,0.7894736842105263,34,75.0,119.0,2.2058823529411766,3.5,0.6302521008403361,5,5,0.0,2
60824972-b6e3-4f6f-952b-179b6e2ba9de,True,2025-03-04 15:39:44.200000+00:00,2025-09-27 09:00:41.756000+00:00,254,79,206.72288837962964,157.20391706018518,3.2151898734177213,0.030486793981481485,254,136,118,0.5354330708661418,1.152542372881356,254,1258.0,1117.0,4.952755905511811,4.397637795275591,1.126230975828111,8,5,0.8858267716535433,3
60a925e3-b44d-461f-9476-3562221ee058,True,2025-03-06 15:42:35.315000+00:00,2025-07-11 23:39:21.067000+00:00,22,9,127.3310850925926,234.59373984953703,2.4444444444444446,0.16412774305555555,22,8,14,0.36363636363636365,0.5714285714285714,22,74.0,99.0,3.3636363636363638,4.5,0.7474747474747475,3,7,1.0,1
60d19b7d-c491-417f-9c0c-8cb22d1f48ab,True,2025-03-17 17:21:53.453000+00:00,2026-01-10 14:08:39.675000+00:00,265,109,298.86581275462964,51.99005225694444,2.4311926605504586,0.04653250578703704,265,140,125,0.5283018867924528,1.12,265,1177.0,964.0,4.441509433962264,3.637735849056604,1.2209543568464731,11,10,0.8150943396226416,3
6196eeff-6171-468a-b5d7-537c33d85d7b,False,2025-12-15 04:48:52.565000+00:00,2025-12-15 05:24:39.161000+00:00,3,1,0.024844861111111113,78.35394709490741,3.0,0.012422430555555555,3,2,1,0.6666666666666666,2.0,3,8.0,6.0,2.6666666666666665,2.0,1.3333333333333333,2,1,0.0,1
619eabd8-44ad-462c-93c3-37ba346fe7d2,False,2025-03-09 04:45:12.201000+00:00,2025-03-21 02:39:00.224000+00:00,7,3,11.912361377314815,347.46898108796296,2.3333333333333335,0.01850030671296296,7,1,6,0.14285714285714285,0.16666666666666666,7,18.0,29.0,2.5714285714285716,4.142857142857143,0.6206896551724138,1,6,0.0,1
61bec182-31bd-4369-8610-74fc02e4f4b0,True,2025-03-08 18:25:23.477000+00:00,2026-03-03 02:39:33.456000+00:00,240,76,359.3431710532407,0.4685964583333333,3.1578947368421053,0.024867430555555552,240,137,103,0.5708333333333333,1.3300970873786409,240,1096.0,1080.0,4.566666666666666,4.5,1.0148148148148148,13,5,0.975,3
61e09dc0-30b3-448c-af7d-8d4a433bcbf1,False,2025-11-27 21:55:19.766000+00:00,2026-01-21 21:35:11.504000+00:00,9,4,54.98601548611111,40.679961643518524,2.25,0.023682771990740738,9,4,5,0.4444444444444444,0.8,9,11.0,33.0,1.2222222222222223,3.6666666666666665,0.3333333333333333,2,3,0.6666666666666666,2
621184e1-5808-47d1-94c6-b85618f66abf,False,2025-06-23 00:36:27.140000+00:00,2025-06-26 18:19:02.273000+00:00,22,4,3.737906631944444,249.8161795949074,5.5,0.023067349537037037,22,15,7,0.6818181818181818,2.142857142857143,22,102.0,82.0,4.636363636363637,3.727272727272727,1.2439024390243902,7,2,0.6363636363636364,3
6213b52b-9103-4239-a1ab-b63d737ace01,False,2025-10-23 21:20:53.651000+00:00,2025-10-26 02:49:23.257000+00:00,5,3,2.228120439814815,128.46177005787038,1.6666666666666667,0.4950949421296296,5,0,5,0.0,0.0,5,5.0,10.0,1.0,2.0,0.5,0,5,0.0,1
6264fea7-9940-47ff-bd12-22222cc8985b,True,2025-07-05 21:20:43.692000+00:00,2025-10-26 01:58:41.145000+00:00,240,58,112.19302607638889,128.4969796875,4.137931034482759,0.01680429398148148,240,119,121,0.49583333333333335,0.9834710743801653,240,656.0,685.0,2.7333333333333334,2.8541666666666665,0.9576642335766423,6,5,0.09583333333333334,3
631c929a-886b-4643-96a6-580d99559fab,True,2026-01-04 23:40:21.076000+00:00,2026-01-05 00:21:41.231000+00:00,2,2,0.028705497685185186,57.56433980324074,1.0,0.028705497685185186,2,0,2,0.0,0.0,2,12.0,10.0,6.0,5.0,1.2,0,2,0.0,1
64172507-aa3f-42c7-a7d7-832256e760ef,False,2026-03-02 03:54:29.616000+00:00,2026-03-02 03:54:29.616000+00:00,1,1,0.0,1.4165575694444443,1.0,,1,1,0,1.0,,1,1.0,1.0,1.0,1.0,1.0,1,0,0.0,1
644719e7-9a7b-4db2-a416-55dbdb756ac9,False,2025-03-28 03:02:21.329000+00:00,2026-01-08 03:10:18.458000+00:00,73,23,286.00552232638887,54.447242268518515,3.1739130434782608,0.017972488425925928,73,37,36,0.5068493150684932,1.0277777777777777,73,152.0,196.0,2.0821917808219177,2.684931506849315,0.7755102040816326,11,6,0.0,2
6480b2f9-c899-4672-b222-eb88f3652f6f,True,2025-03-05 13:38:17.304000+00:00,2026-03-03 13:35:49.516000+00:00,578,118,362.9982894907408,0.012855023148148148,4.898305084745763,0.01855633101851852,578,257,321,0.444636678200692,0.8006230529595015,578,2546.0,2038.0,4.404844290657439,3.5259515570934257,1.2492639842983317,7,10,0.6505190311418685,3
65309574-2679-4d9e-9057-a473d7e96e91,False,2025-03-07 15:25:03.455000+00:00,2026-02-25 10:28:24.236000+00:00,32,14,354.79399052083335,6.1430087268518525,2.2857142857142856,0.030512812499999997,32,17,15,0.53125,1.1333333333333333,32,170.0,138.0,5.3125,4.3125,1.2318840579710144,3,4,0.875,2
6566db4b-998b-4fbf-92d1-501657747073,False,2025-06-26 18:39:54.294000+00:00,2025-10-08 13:27:04.062000+00:00,170,36,103.78275194444444,146.01893666666666,4.722222222222222,0.022413912037037034,170,98,72,0.5764705882352941,1.3611111111111112,170,702.0,540.0,4.129411764705883,3.176470588235294,1.3,12,6,0.8411764705882353,2
65b7a17f-8026-4c1e-8ee3-1810ebf1dd94,True,2025-03-05 00:06:30.845000+00:00,2026-02-28 20:49:55.079000+00:00,806,185,360.8634749305556,2.7114017476851853,4.356756756756757,0.026551388888888888,806,386,420,0.47890818858560796,0.919047619047619,805,2874.0,3200.0,3.5701863354037267,3.9751552795031055,0.898125,8,9,0.4826302729528536,3
65ca9afb-240d-4f3f-bbc9-11fd60c83a7b,True,2025-03-06 20:04:13.423000+00:00,2026-03-03 08:10:27.090000+00:00,1223,126,361.50432484953706,0.23880902777777777,9.706349206349206,0.019312841435185184,1223,639,584,0.5224856909239575,1.0941780821917808,1223,4940.0,4755.0,4.039247751430907,3.8879803761242844,1.038906414300736,10,7,0.8372853638593623,3
669ae3b8-1c43-41ab-993b-e257c23f07fe,False,2025-11-18 01:53:56.197000+00:00,2026-01-11 22:21:51.698000+00:00,3,2,54.85272570601852,50.64755199074074,1.5,27.426362853009262,3,0,3,0.0,0.0,3,2.0,7.0,0.6666666666666666,2.3333333333333335,0.2857142857142857,0,3,0.0,1
672fc8ec-70e9-459a-888a-6741a69bbc24,False,2025-08-04 18:18:21.610000+00:00,2025-08-04 18:18:21.610000+00:00,1,1,0.0,210.81665023148147,1.0,,1,1,0,1.0,,1,2.0,2.0,2.0,2.0,1.0,1,0,0.0,1
6755f1d8-f24e-4eb0-b496-5ac0c5298d97,False,2025-06-30 17:37:17.872000+00:00,2025-07-29 19:21:39.674000+00:00,4,3,29.072474560185185,216.7726911574074,1.3333333333333333,0.27776380787037036,4,2,2,0.5,1.0,4,7.0,7.0,1.75,1.75,1.0,2,1,0.0,1
676ea1f1-ec13-4205-ad8d-e76705045a45,False,2025-07-22 15:56:29.770000+00:00,2026-02-23 10:14:16.338000+00:00,104,24,215.76234453703702,8.152822361111111,4.333333333333333,0.051468229166666664,102,43,59,0.4215686274509804,0.7288135593220338,104,345.0,265.0,3.3173076923076925,2.548076923076923,1.3018867924528301,5,6,0.0,2
67c8ca23-8797-4306-9b6e-38baa7268169,False,2025-07-17 11:15:02.136000+00:00,2025-07-25 08:46:04.510000+00:00,12,5,7.896555254629629,221.21407037037037,2.4,0.01121824074074074,12,6,6,0.5,1.0,12,15.0,34.0,1.25,2.8333333333333335,0.4411764705882353,2,2,0.0,1
698985bd-c3b1-402f-ba34-63f12247a2aa,True,2025-04-14 11:03:57.877000+00:00,2025-09-26 20:01:33.347000+00:00,149,26,165.37332719907408,157.7449866087963,5.730769230769231,0.019931626157407407,149,78,71,0.5234899328859061,1.0985915492957747,149,513.0,611.0,3.442953020134228,4.100671140939597,0.839607201309329,9,6,0.4161073825503356,3
69b1d81a-51e2-4465-a99e-6ff988507861,False,2025-03-19 19:24:01.542000+00:00,2025-03-19 19:24:01.542000+00:00,1,1,0.0,348.77104916666667,1.0,,1,0,1,0.0,0.0,1,0.0,1.0,0.0,1.0,0.0,0,1,0.0,1
69ce013a-e255-4c5f-921f-a04c44dc257c,True,2025-04-14 14:05:31.302000+00:00,2025-05-05 19:58:32.709000+00:00,10,4,21.24515517361111,301.7470773263889,2.5,0.021366944444444445,10,3,7,0.3,0.42857142857142855,10,29.0,43.0,2.9,4.3,0.6744186046511628,2,5,0.0,1
69e472cf-feb9-469a-b77e-19b80e392e95,False,2025-11-06 09:39:13.442000+00:00,2025-11-06 09:39:13.442000+00:00,1,1,0.0,117.17716143518518,1.0,,1,0,1,0.0,0.0,1,0.0,1.0,0.0,1.0,0.0,0,1,0.0,1
69ef9b5d-9d0b-44c8-8b7d-c05940fe967e,False,2025-08-02 09:43:54.040000+00:00,2025-08-15 11:59:32.724000+00:00,58,5,13.094197731481481,200.07971604166664,11.6,0.011555625,58,25,33,0.43103448275862066,0.7575757575757576,58,128.0,151.0,2.206896551724138,2.603448275862069,0.847682119205298,4,9,0.0,1
6a069f20-0caa-4388-8e3d-ba58793f38f2,False,2025-03-09 20:22:00.218000+00:00,2025-05-06 18:33:14.508000+00:00,4,2,57.92447094907408,300.8063157638889,2.0,0.01848400462962963,4,2,2,0.5,1.0,4,13.0,14.0,3.25,3.5,0.9285714285714286,2,2,1.0,1
6a69db7b-b9d0-42a6-91e3-613eaf4b2f02,True,2025-06-04 19:52:10.722000+00:00,2026-01-21 18:11:25.092000+00:00,67,19,230.93002743055555,40.82147104166667,3.526315789473684,0.01437232060185185,67,41,26,0.6119402985074627,1.5769230769230769,67,262.0,154.0,3.91044776119403,2.298507462686567,1.7012987012987013,7,3,0.0,2
6b6a4cd0-4a76-477d-bf39-9aef642e10b3,True,2025-03-15 16:25:09.606000+00:00,2026-02-08 00:02:41.876000+00:00,386,93,329.31773460648145,23.577526782407407,4.150537634408602,0.02727699074074074,386,185,201,0.4792746113989637,0.9203980099502488,383,1379.0,1420.0,3.6005221932114884,3.7075718015665795,0.9711267605633803,7,11,0.7331606217616581,3
6bb0c6bf-eb85-4a96-b853-df873bf97090,True,2025-03-05 07:34:30.004000+00:00,2026-02-27 03:15:51.694000+00:00,176,60,358.82038993055556,4.44338537037037,2.933333333333333,0.024721458333333335,176,85,91,0.48295454545454547,0.9340659340659341,176,762.0,752.0,4.329545454545454,4.2727272727272725,1.0132978723404256,5,6,0.8522727272727273,3
6bb92ba4-fbe3-44e2-9cf0-e292551d7faa,False,2025-10-07 00:31:22.228000+00:00,2025-10-07 00:48:29.101000+00:00,2,1,0.011885104166666667,147.54573019675925,2.0,0.011885104166666667,2,1,1,0.5,1.0,2,4.0,5.0,2.0,2.5,0.8,1,1,0.0,1
6cf9b73b-eea5-4367-8091-df31f8635fc9,False,2025-08-17 21:32:59.324000+00:00,2025-08-17 21:32:59.324000+00:00,1,1,0.0,197.68149150462963,1.0,,1,0,1,0.0,0.0,1,0.0,2.0,0.0,2.0,0.0,0,1,0.0,1
6d65dddf-daf8-4add-a513-c9742e89960f,False,2025-06-18 03:06:29.543000+00:00,2026-03-02 01:00:40.018000+00:00,174,40,256.91262123842597,1.5372705092592591,4.35,0.01221996527777778,174,54,120,0.3103448275862069,0.45,174,343.0,435.0,1.971264367816092,2.5,0.7885057471264367,5,11,0.0,2
6d7e27bc-29ed-4a00-86f2-e7afef91a218,True,2025-06-14 21:22:34.173000+00:00,2025-10-02 04:34:44.867000+00:00,45,23,109.30012377314814,152.38860327546297,1.9565217391304348,0.35897249421296296,45,15,30,0.3333333333333333,0.5,45,145.0,211.0,3.2222222222222223,4.688888888888889,0.6872037914691943,3,8,0.6444444444444445,3
6d8a4419-ea38-4877-b0ab-537bf2f48ee7,False,2025-07-06 22:42:19.479000+00:00,2025-10-21 07:48:00.595000+00:00,183,39,106.37894810185186,133.25439346064815,4.6923076923076925,0.018303721064814815,183,76,107,0.41530054644808745,0.7102803738317757,183,470.0,738.0,2.568306010928962,4.032786885245901,0.6368563685636857,4,6,0.14207650273224043,3
6d9cab73-09e3-40b0-a780-cb0c6a6432fa,False,2025-03-24 01:04:26.210000+00:00,2025-03-24 01:53:40.033000+00:00,4,1,0.0341877662037037,344.5004647800926,4.0,0.012210983796296296,4,1,3,0.25,0.3333333333333333,4,3.0,12.0,0.75,3.0,0.25,1,2,0.0,1
6daac99c-a46c-4730-92e9-d9e3cf4b9373,True,2025-03-09 09:54:26.503000+00:00,2026-01-08 20:13:55.045000+00:00,977,137,305.43019145833335,53.7364021412037,7.131386861313868,0.01830914351851852,977,475,502,0.48618219037871035,0.9462151394422311,976,3379.0,3381.0,3.4620901639344264,3.464139344262295,0.9994084590357882,9,10,0.5097236438075742,3
6dadd127-e355-4e8e-ad8a-7345a8b881da,True,2025-03-07 05:43:10.285000+00:00,2026-02-16 07:08:51.167000+00:00,32,17,346.05950094907405,15.281585914351853,1.8823529411764706,0.5611440856481482,32,15,17,0.46875,0.8823529411764706,32,113.0,148.0,3.53125,4.625,0.7635135135135135,4,4,0.625,3
6dd1a735-f93b-4b49-82f0-57de0a040680,False,2025-12-03 22:16:14.101000+00:00,2026-01-28 09:39:17.903000+00:00,3,3,55.47434956018519,34.17710980324074,1.0,27.737174780092595,3,0,3,0.0,0.0,3,0.0,4.0,0.0,1.3333333333333333,0.0,0,3,0.0,1
6dfb710d-7f40-414d-82ea-b9aa3ebc59e9,True,2025-04-26 23:40:51.261000+00:00,2026-03-01 16:51:16.205000+00:00,217,48,308.71556648148146,1.8771294560185183,4.520833333333333,0.02462030671296296,217,112,105,0.5161290322580645,1.0666666666666667,217,779.0,835.0,3.589861751152074,3.847926267281106,0.932934131736527,6,5,0.5990783410138248,3
6e441326-2924-45a1-bb05-4ed4bf726d26,False,2025-07-19 02:21:27.053000+00:00,2025-08-20 00:13:35.933000+00:00,6,3,31.911213888888888,195.56995667824074,2.0,0.023050069444444446,6,3,3,0.5,1.0,6,21.0,25.0,3.5,4.166666666666667,0.84,1,1,0.8333333333333334,2
6ec28664-5f5f-4eec-b599-4c4916f06028,False,2025-08-14 05:51:03.565000+00:00,2026-02-08 19:06:05.529000+00:00,9,6,178.5521060648148,22.783503020833333,1.5,1.4902790856481483,9,5,4,0.5555555555555556,1.25,9,3.0,26.0,0.3333333333333333,2.888888888888889,0.11538461538461539,2,2,0.0,1
6f8e17d9-98d0-4c9d-aaa2-8bdd606767d9,False,2025-03-04 18:05:49.850000+00:00,2026-02-21 01:30:16.142000+00:00,389,71,353.3086376388889,10.516713518518518,5.47887323943662,0.02597814236111111,387,191,196,0.4935400516795866,0.9744897959183674,389,1902.0,1678.0,4.889460154241645,4.313624678663239,1.133492252681764,6,9,0.8251928020565553,3
6fd6612b-b298-4729-97bc-bfc903030c54,False,2025-11-29 16:00:17.590000+00:00,2026-01-25 15:21:06.722000+00:00,18,5,56.972790879629635,36.93973921296296,3.6,0.02539744212962963,18,10,8,0.5555555555555556,1.25,18,54.0,70.0,3.0,3.888888888888889,0.7714285714285715,5,2,0.1111111111111111,3
6feb91f7-1bae-4c9e-861f-3f6034433133,False,2025-03-04 23:39:49.820000+00:00,2025-11-15 07:48:45.438000+00:00,123,32,255.33953261574075,108.25387444444445,3.84375,0.01755082175925926,123,50,73,0.4065040650406504,0.684931506849315,123,179.0,410.0,1.4552845528455285,3.3333333333333335,0.43658536585365854,6,9,0.016260162601626018,3
702dcff8-c1eb-4239-ad1f-d31328c08c0d,True,2025-06-11 21:35:41.504000+00:00,2025-12-10 22:58:56.603000+00:00,86,23,182.05781364583333,82.62180077546297,3.739130434782609,0.016428402777777778,85,43,42,0.5058823529411764,1.0238095238095237,86,428.0,238.0,4.976744186046512,2.7674418604651163,1.7983193277310925,8,7,0.023255813953488372,3
7061b909-034f-47be-99be-c81b4a439922,False,2025-12-22 21:25:29.577000+00:00,2025-12-22 21:25:29.577000+00:00,1,1,0.0,70.68669690972222,1.0,,1,0,1,0.0,0.0,1,1.0,2.0,1.0,2.0,0.5,0,1,0.0,1
706817fc-5f2a-4188-90c1-c18e6d0b87eb,False,2025-04-19 02:25:05.267000+00:00,2025-07-25 01:09:22.886000+00:00,525,70,96.94742614583333,221.53121879629632,7.5,0.015763559027777777,525,241,284,0.45904761904761904,0.8485915492957746,525,1711.0,1769.0,3.259047619047619,3.3695238095238094,0.9672131147540983,7,10,0.20761904761904762,3
70830c0d-4675-4b7a-b5e9-1c97f0684cfd,False,2025-06-14 16:07:57.039000+00:00,2025-06-16 18:05:41.550000+00:00,3,2,2.081765173611111,259.82544722222224,1.5,1.0408825868055556,3,0,3,0.0,0.0,3,0.0,10.0,0.0,3.3333333333333335,0.0,0,3,0.0,1
70f75ea2-f4b5-40fe-9dee-814fdcc73b07,True,2025-03-05 14:52:28.916000+00:00,2026-01-10 20:29:35.188000+00:00,129,28,311.23410037037036,51.72552085648149,4.607142857142857,0.02104949652777778,129,62,67,0.4806201550387597,0.9253731343283582,126,640.0,422.0,5.079365079365079,3.3492063492063493,1.5165876777251184,12,7,0.3875968992248062,3
710ce369-fc66-4e9e-9b7b-1aec31cb718e,False,2025-05-19 17:33:12.501000+00:00,2025-05-20 21:29:28.701000+00:00,5,2,1.1640763888888888,286.68392927083335,2.5,0.11005917245370371,5,1,4,0.2,0.25,5,3.0,18.0,0.6,3.6,0.16666666666666666,1,2,0.0,1
71132af4-fd9e-4875-b02c-2afbbce02368,True,2025-03-07 12:17:28.067000+00:00,2026-02-26 18:13:10.096000+00:00,537,96,356.24701422453705,4.820255717592592,5.59375,0.020619288194444446,537,274,263,0.5102420856610801,1.0418250950570342,537,2279.0,2052.0,4.243947858472998,3.82122905027933,1.1106237816764133,10,8,0.6145251396648045,3
7119a4c1-c8cf-43eb-b288-dcecf9d1750d,False,2025-05-27 01:05:13.602000+00:00,2025-05-27 01:05:13.602000+00:00,1,1,0.0,280.5341040277778,1.0,,1,1,0,1.0,,1,1.0,3.0,1.0,3.0,0.3333333333333333,1,0,0.0,1
7176a1f6-a0f5-4c26-8155-3999d97565e8,False,2025-06-02 20:43:44.427000+00:00,2025-09-15 19:43:43.388000+00:00,141,43,104.95832130787036,168.7573703935185,3.2790697674418605,0.028607858796296293,141,81,60,0.574468085106383,1.35,141,864.0,605.0,6.127659574468085,4.290780141843972,1.428099173553719,8,4,0.950354609929078,3
719b3cd3-baf8-4c14-b93d-291c548beb38,True,2025-11-24 22:55:41.496000+00:00,2025-12-13 08:59:40.693000+00:00,9,4,18.419435150462963,80.20462380787038,2.25,0.07128656828703704,9,9,0,1.0,,9,57.0,18.0,6.333333333333333,2.0,3.1666666666666665,9,0,0.4444444444444444,2
71b29479-8d15-4e9c-af37-39de792041a7,False,2025-10-26 11:14:48.189000+00:00,2025-10-31 02:08:31.566000+00:00,20,3,4.6206409375,123.49014611111112,6.666666666666667,0.013645810185185186,20,11,9,0.55,1.2222222222222223,20,43.0,62.0,2.15,3.1,0.6935483870967742,4,4,0.0,1
71bbf0d0-3f0e-4f7f-894e-7ca48c06d507,False,2025-03-06 02:29:11.987000+00:00,2026-02-23 22:52:36.653000+00:00,17,7,354.84959104166666,7.626198344907407,2.4285714285714284,0.01678348958333333,17,13,4,0.7647058823529411,3.25,17,41.0,45.0,2.411764705882353,2.6470588235294117,0.9111111111111111,5,2,0.0,2
71fa17e1-6236-4259-8efe-80d5f251d8aa,True,2025-03-04 19:48:14.438000+00:00,2026-02-24 17:27:09.169000+00:00,1156,226,356.90202234953705,6.852210891203703,5.115044247787611,0.024784814814814815,1156,609,547,0.5268166089965398,1.113345521023766,1156,5413.0,4821.0,4.682525951557094,4.170415224913495,1.1227961003941092,10,7,0.916955017301038,3
7238cbd0-92e8-43ce-92d0-903d089bc0f3,False,2025-05-31 21:15:16.523000+00:00,2025-05-31 21:15:16.523000+00:00,1,1,0.0,275.6937924421296,1.0,,1,0,1,0.0,0.0,1,0.0,3.0,0.0,3.0,0.0,0,1,0.0,1
727398d7-0bc8-4795-b7bd-8e82133adac5,False,2025-09-03 14:46:43.775000+00:00,2025-09-03 16:42:20.283000+00:00,7,1,0.08028365740740741,180.88333225694444,7.0,0.013930086805555556,7,0,7,0.0,0.0,7,18.0,24.0,2.5714285714285716,3.4285714285714284,0.75,0,7,0.0,1
72a6ce90-ad29-40fa-b8fb-5f5828cb4b6f,False,2025-10-25 02:16:41.475000+00:00,2025-12-30 08:41:01.260000+00:00,121,22,66.26689565972222,63.21758020833333,5.5,0.018516354166666665,121,62,59,0.512396694214876,1.0508474576271187,121,379.0,333.0,3.1322314049586777,2.7520661157024793,1.1381381381381381,6,6,0.19834710743801653,3
72d7431e-da0d-44a0-be07-a400f8e68205,False,2025-05-26 17:18:35.973000+00:00,2025-06-04 22:12:44.587000+00:00,28,6,9.20426636574074,271.6538842939815,4.666666666666667,0.01800295138888889,28,7,21,0.25,0.3333333333333333,28,41.0,107.0,1.4642857142857142,3.8214285714285716,0.38317757009345793,3,11,0.42857142857142855,3
73779668-2c1b-4acf-b8d6-b4db37186671,True,2025-07-06 16:52:25.405000+00:00,2026-01-04 01:24:25.509000+00:00,9,6,181.35555675925926,58.520771770833335,1.5,7.45522,9,6,3,0.6666666666666666,2.0,9,24.0,23.0,2.6666666666666665,2.5555555555555554,1.0434782608695652,2,1,0.0,1
73a4c11b-862c-4b25-8ca6-01b328a042d6,False,2025-05-02 20:33:08.696000+00:00,2025-10-19 19:06:30.252000+00:00,104,27,169.93983282407407,134.783216875,3.8518518518518516,0.01752341435185185,103,48,55,0.46601941747572817,0.8727272727272727,104,223.0,273.0,2.144230769230769,2.625,0.8168498168498168,6,6,0.125,3
73b49e8a-cd38-41d8-82d3-054faefa5451,False,2025-08-10 21:39:54.203000+00:00,2025-08-13 10:28:44.944000+00:00,3,3,2.5339206134259262,202.14276905092592,1.0,1.266960306712963,3,1,2,0.3333333333333333,0.5,3,4.0,8.0,1.3333333333333333,2.6666666666666665,0.5,1,2,0.0,1
73e918b7-a8cd-4943-bdd5-e1a8c9afb039,False,2025-06-19 23:49:46.051000+00:00,2025-06-19 23:49:46.051000+00:00,1,1,0.0,256.5865062384259,1.0,,1,1,0,1.0,,1,1.0,0.0,1.0,0.0,,1,0,0.0,1
750ff161-afa5-4bb9-bef3-0a46aa2e3d87,False,2025-09-11 20:12:42.735000+00:00,2025-09-18 19:35:19.196000+00:00,3,3,6.974033113425926,165.7632059490741,1.0,3.487016556712963,3,1,2,0.3333333333333333,0.5,3,7.0,8.0,2.3333333333333335,2.6666666666666665,0.875,1,2,0.0,1
75347665-bc0c-4095-95a4-00f3c4bb3325,False,2025-08-11 18:46:12.492000+00:00,2025-08-12 13:12:50.789000+00:00,3,2,0.7684988078703704,203.02881251157407,1.5,0.38424940393518514,3,0,3,0.0,0.0,3,9.0,6.0,3.0,2.0,1.5,0,3,0.0,1
755862bb-e3d1-45a1-bdac-74e78f9becd0,True,2025-04-11 13:56:25.819000+00:00,2025-10-17 08:48:34.692000+00:00,129,32,188.78621380787035,137.21233215277778,4.03125,0.012889085648148148,129,41,88,0.3178294573643411,0.4659090909090909,129,37.0,414.0,0.2868217054263566,3.2093023255813953,0.0893719806763285,4,7,0.0,2
75ceb63d-d1e1-423d-9871-58c56f245902,False,2026-02-22 20:09:33.529000+00:00,2026-02-25 00:20:11.506000+00:00,2,2,2.1740506597222224,6.565378287037037,1.0,2.1740506597222224,2,1,1,0.5,1.0,2,4.0,7.0,2.0,3.5,0.5714285714285714,1,1,0.0,1
768bd566-27c5-4510-87b6-6ae7750d7dbb,False,2025-04-18 18:33:03.636000+00:00,2026-01-29 19:43:49.697000+00:00,185,47,286.04914422453703,32.75729737268518,3.9361702127659575,0.025420034722222224,185,96,89,0.518918918918919,1.0786516853932584,185,1053.0,855.0,5.691891891891892,4.621621621621622,1.231578947368421,8,7,0.9945945945945946,2
76a900f0-99d5-43e7-b127-4f2201301f43,False,2025-09-22 20:36:36.361000+00:00,2025-09-24 21:20:27.535000+00:00,6,3,2.030453402777778,159.6901927662037,2.0,0.29657372685185185,6,5,1,0.8333333333333334,5.0,6,22.0,9.0,3.6666666666666665,1.5,2.4444444444444446,4,1,0.0,1
774f6ab9-377a-464d-941d-7189b78336d8,True,2025-03-05 03:51:51.067000+00:00,2026-02-08 04:12:36.080000+00:00,349,72,340.0144098726852,23.40398275462963,4.847222222222222,0.019161417824074073,349,151,198,0.4326647564469914,0.7626262626262627,349,776.0,1289.0,2.2234957020057307,3.693409742120344,0.6020170674941815,8,11,0.03151862464183381,3
7781b990-145a-48d0-9a84-3a9df9393512,False,2025-03-05 08:56:37.055000+00:00,2026-01-02 22:14:08.848000+00:00,586,108,303.55384019675927,59.65290905092593,5.425925925925926,0.021723287037037037,584,252,332,0.4315068493150685,0.7590361445783133,586,1633.0,2074.0,2.7866894197952217,3.539249146757679,0.787367405978785,6,8,0.8276450511945392,3
77857e4e-2e0d-47fd-9695-6fb6fece5a70,False,2025-03-22 22:06:37.345000+00:00,2026-01-21 15:28:41.812000+00:00,37,23,304.7236628125,40.93447196759259,1.608695652173913,0.9898275000000001,37,23,14,0.6216216216216216,1.6428571428571428,37,184.0,149.0,4.972972972972973,4.027027027027027,1.2348993288590604,5,3,0.9459459459459459,2
77d59c57-7adb-47b7-a80a-1674d92965d4,False,2025-03-04 19:14:16.869000+00:00,2026-01-17 19:30:11.657000+00:00,133,34,319.01105078703705,44.76676542824074,3.911764705882353,0.025308616898148145,133,71,62,0.5338345864661654,1.1451612903225807,132,573.0,588.0,4.340909090909091,4.454545454545454,0.9744897959183674,6,8,0.9022556390977443,3
780bba9a-1dc4-4dc6-98a4-438c1f8e1702,False,2025-09-28 02:18:53.166000+00:00,2025-11-15 05:13:48.753000+00:00,3,2,48.121476701388886,108.3614749652778,1.5,24.060738350694443,3,1,2,0.3333333333333333,0.5,3,4.0,15.0,1.3333333333333333,5.0,0.26666666666666666,1,2,0.0,1
7858befb-3451-4064-8b7c-f8fa7e5e0462,False,2025-04-26 17:24:11.150000+00:00,2025-04-26 17:24:11.150000+00:00,1,1,0.0,310.8542712962963,1.0,,1,1,0,1.0,,1,10.0,4.0,10.0,4.0,2.5,1,0,0.0,1
79d5bc71-6281-43a5-ba92-039c2087085b,False,2025-06-23 17:39:41.384000+00:00,2025-06-24 22:28:06.014000+00:00,13,2,1.2002850694444445,251.6432196296296,6.5,0.01816784722222222,13,8,5,0.6153846153846154,1.6,13,28.0,52.0,2.1538461538461537,4.0,0.5384615384615384,6,2,0.0,2
7aa3ba09-8942-46fd-8094-986df3514029,False,2025-07-08 13:45:35.371000+00:00,2025-07-10 13:22:33.931000+00:00,8,2,1.9840111111111112,236.02206318287037,4.0,0.012328020833333335,8,5,3,0.625,1.6666666666666667,8,15.0,28.0,1.875,3.5,0.5357142857142857,3,2,0.0,1
7ab1b273-b0d9-4351-87dd-a205e9cd8832,True,2025-09-14 21:27:01.105000+00:00,2026-03-03 00:21:00.182000+00:00,430,66,169.12082265046297,0.5648149074074075,6.515151515151516,0.02077434027777778,430,161,269,0.3744186046511628,0.5985130111524164,430,834.0,1677.0,1.9395348837209303,3.9,0.49731663685152055,4,9,0.3209302325581395,3
7acdca04-07df-416c-adb0-13e95bf24e65,False,2025-06-22 19:55:06.678000+00:00,2025-06-22 20:16:10.546000+00:00,2,1,0.01462810185185185,253.7348338425926,2.0,0.01462810185185185,2,1,1,0.5,1.0,2,3.0,5.0,1.5,2.5,0.6,1,1,0.0,1
7aec3092-e2da-4af0-878e-af7c050b35db,False,2025-03-25 21:27:38.220000+00:00,2026-01-15 04:25:36.914000+00:00,163,46,295.29026266203704,47.39494532407407,3.5434782608695654,0.02551328703703704,163,85,78,0.5214723926380368,1.0897435897435896,163,649.0,691.0,3.98159509202454,4.2392638036809815,0.9392185238784371,7,6,0.7914110429447853,3
7af094ef-260a-4884-b157-fafaabb6e15f,False,2025-03-28 05:35:45.074000+00:00,2025-08-29 15:15:17.499000+00:00,85,31,154.4024586226852,185.94378114583333,2.7419354838709675,0.07126319444444446,85,24,61,0.2823529411764706,0.39344262295081966,85,107.0,228.0,1.2588235294117647,2.6823529411764704,0.4692982456140351,3,10,0.0,2
7af65cf7-a712-4600-94fd-032933c175db,False,2025-03-15 11:25:33.903000+00:00,2025-03-15 11:25:33.903000+00:00,1,1,0.0,353.10331350694446,1.0,,1,1,0,1.0,,1,1.0,5.0,1.0,5.0,0.2,1,0,0.0,1
7bd35237-576c-42f0-b2d9-8ced90e537d5,False,2026-01-17 15:02:08.814000+00:00,2026-02-01 21:37:12.626000+00:00,24,9,15.274349675925926,29.678559768518515,2.6666666666666665,0.01471939814814815,24,10,14,0.4166666666666667,0.7142857142857143,24,28.0,62.0,1.1666666666666667,2.5833333333333335,0.45161290322580644,3,4,0.0,1
7c1fdd2a-22a9-4d33-b0bd-cd1401fe2c71,False,2025-12-12 20:33:36.904000+00:00,2026-01-15 19:06:23.722000+00:00,28,12,33.939430763888886,46.7832924537037,2.3333333333333335,0.024222407407407404,28,15,13,0.5357142857142857,1.1538461538461537,28,86.0,53.0,3.0714285714285716,1.8928571428571428,1.6226415094339623,4,4,0.0,2
7c36b02c-76c1-4f11-bb5c-10831ba42c86,True,2026-01-11 13:01:34.925000+00:00,2026-02-24 10:46:13.432000+00:00,38,6,43.90600123842593,7.130633773148149,6.333333333333333,0.013834166666666666,38,18,20,0.47368421052631576,0.9,38,43.0,114.0,1.131578947368421,3.0,0.37719298245614036,4,9,0.0,1
7c5c6bf4-badf-4b4f-b251-fef83c131090,False,2025-09-07 16:59:15.291000+00:00,2026-02-27 22:14:57.637000+00:00,56,15,173.21924011574075,3.652344363425926,3.7333333333333334,0.018520810185185185,56,30,26,0.5357142857142857,1.1538461538461537,56,182.0,156.0,3.25,2.7857142857142856,1.1666666666666667,4,6,0.0,1
7ca6ec56-80a5-4a50-8d14-5844c4ad3877,True,2025-03-06 01:33:58.954000+00:00,2026-03-03 02:33:32.500000+00:00,397,97,362.0413604861111,0.47277418981481484,4.092783505154639,0.01710302662037037,396,183,213,0.4621212121212121,0.8591549295774648,397,944.0,1320.0,2.3778337531486144,3.3249370277078087,0.7151515151515152,7,12,0.23929471032745592,3
7ca9e20a-7dc7-4c34-833a-e0594aacb854,True,2025-08-11 19:17:48.348000+00:00,2025-08-27 13:45:18.300000+00:00,104,12,15.769096666666668,188.006271875,8.666666666666666,0.01160388888888889,104,59,45,0.5673076923076923,1.3111111111111111,104,464.0,263.0,4.461538461538462,2.5288461538461537,1.7642585551330798,6,5,0.0,2
7cbffafd-b6c5-41be-bdff-7f14b1b6816b,False,2025-04-27 14:15:36.856000+00:00,2025-05-27 16:08:35.914000+00:00,29,5,30.078461319444447,279.9067624537037,5.8,0.017849184027777777,29,10,19,0.3448275862068966,0.5263157894736842,29,71.0,134.0,2.4482758620689653,4.620689655172414,0.5298507462686567,2,6,0.0,2
7d2e4a94-8344-494a-99ee-14ea8ec62bb0,True,2025-04-13 00:50:36.826000+00:00,2025-04-22 13:27:22.011000+00:00,6,2,9.525522974537038,315.01872892361115,3.0,0.01820685185185185,6,2,4,0.3333333333333333,0.5,6,26.0,22.0,4.333333333333333,3.6666666666666665,1.1818181818181819,2,2,0.0,1
7d8c7958-8378-4981-8387-d465e73db1c8,True,2025-09-16 22:10:35.177000+00:00,2026-02-11 23:46:46.062000+00:00,48,30,148.06679265046296,19.588589444444445,1.6,0.9879750810185186,48,23,25,0.4791666666666667,0.92,48,150.0,187.0,3.125,3.8958333333333335,0.8021390374331551,7,6,0.9583333333333334,3
7ee0a4a8-afaf-4449-9bd9-d637bd909f96,True,2025-03-18 02:13:56.641000+00:00,2025-10-30 02:54:27.457000+00:00,278,91,226.02813444444445,124.45824922453703,3.0549450549450547,0.029090081018518517,278,132,146,0.4748201438848921,0.9041095890410958,278,1084.0,1225.0,3.8992805755395685,4.406474820143885,0.8848979591836734,10,9,0.8525179856115108,3
7efc4a6a-c89c-46ab-a2be-3d362371e8b3,False,2025-06-19 11:15:44.707000+00:00,2025-07-09 06:50:30.715000+00:00,54,13,19.81581027777778,237.29432262731484,4.153846153846154,0.049727511574074075,54,27,27,0.5,1.0,54,157.0,258.0,2.9074074074074074,4.777777777777778,0.6085271317829457,9,10,0.09259259259259259,2
7f0ec8d3-d5cb-4fc6-806e-4bd109bb91db,False,2025-03-15 14:13:19.231000+00:00,2025-10-15 21:24:57.232000+00:00,58,28,214.29974538194443,138.68707127314815,2.0714285714285716,0.17202453703703705,58,28,30,0.4827586206896552,0.9333333333333333,58,231.0,225.0,3.9827586206896552,3.8793103448275863,1.0266666666666666,5,4,0.9655172413793104,2
7f2d7816-93b3-45a5-8ea4-a4757812b62c,False,2026-01-09 21:28:08.654000+00:00,2026-01-09 21:54:21.281000+00:00,2,1,0.018201701388888887,52.666654039351855,2.0,0.018201701388888887,2,1,1,0.5,1.0,2,3.0,6.0,1.5,3.0,0.5,1,1,0.0,1
7faf13e8-50c6-40b2-91e3-8a2b27749f4c,True,2025-06-13 00:41:44.397000+00:00,2025-07-01 02:16:57.748000+00:00,27,9,18.066126747685185,245.48428752314817,3.0,0.0328402025462963,27,19,8,0.7037037037037037,2.375,27,140.0,111.0,5.185185185185185,4.111111111111111,1.2612612612612613,4,2,1.0,1
8033f407-0fbd-494b-9a7b-6ba807ba0b7d,False,2025-10-17 03:30:30.348000+00:00,2025-10-17 03:42:40.929000+00:00,2,1,0.008455798611111112,137.4247599652778,2.0,0.008455798611111112,2,0,2,0.0,0.0,2,4.0,4.0,2.0,2.0,1.0,0,2,0.0,1
804595f0-49bd-4545-a12a-360bd1eb7890,False,2025-06-13 18:41:33.321000+00:00,2025-07-14 13:20:02.439000+00:00,30,7,30.776725902777777,232.02381656249997,4.285714285714286,0.01048099537037037,30,13,17,0.43333333333333335,0.7647058823529411,30,33.0,74.0,1.1,2.466666666666667,0.44594594594594594,3,6,0.0,1
80b11535-3ef9-4f59-bfdd-059510530f04,True,2025-10-14 22:16:12.038000+00:00,2025-10-15 00:24:50.808000+00:00,7,2,0.08933761574074074,139.562145625,3.5,0.015484299768518516,7,5,2,0.7142857142857143,2.5,7,29.0,22.0,4.142857142857143,3.142857142857143,1.3181818181818181,5,2,0.0,1
80bab207-3d56-49d6-8de7-f0d03c2c9dab,False,2026-01-07 11:49:30.225000+00:00,2026-01-15 13:28:50.634000+00:00,10,4,8.068986215277778,47.017703194444444,2.5,0.013695393518518518,10,4,6,0.4,0.6666666666666666,10,7.0,33.0,0.7,3.3,0.21212121212121213,3,3,0.0,1
80f34868-a1fb-408b-9e35-f0035a9e61a4,True,2025-03-04 20:48:18.542000+00:00,2026-02-21 22:22:45.258000+00:00,200,49,354.0655869907407,9.646932083333335,4.081632653061225,0.022007685185185186,199,98,101,0.49246231155778897,0.9702970297029703,200,1402.0,772.0,7.01,3.86,1.8160621761658031,5,5,0.895,3
815cd8c5-aec5-4119-bbf3-d9910bbed272,True,2025-03-18 20:13:04.193000+00:00,2026-03-02 01:09:26.300000+00:00,299,80,348.2058114236111,1.5311792824074075,3.7375,0.02563291087962963,299,164,135,0.5484949832775919,1.2148148148148148,299,1272.0,1256.0,4.254180602006689,4.20066889632107,1.0127388535031847,6,5,0.9899665551839465,3
81d691d2-b394-47a6-8e4d-cb728e8181d0,False,2025-08-12 18:15:38.159000+00:00,2025-08-12 19:14:49.971000+00:00,6,1,0.041108935185185186,202.77743309027778,6.0,0.009407187499999999,6,3,3,0.5,1.0,6,24.0,9.0,4.0,1.5,2.6666666666666665,3,3,0.0,1
822b425d-b59d-42f4-bf8b-badcb4e810de,False,2025-08-27 18:34:44.227000+00:00,2025-08-30 18:46:18.097000+00:00,4,2,3.0080309027777776,184.79724644675926,2.0,0.026239930555555558,4,4,0,1.0,,4,11.0,9.0,2.75,2.25,1.2222222222222223,4,0,0.0,1
82a35da8-9770-45d7-be51-35012217c417,False,2025-03-11 08:35:19.635000+00:00,2025-04-13 14:43:57.449000+00:00,31,9,33.25599321759259,323.9655409837963,3.4444444444444446,0.01924881365740741,31,17,14,0.5483870967741935,1.2142857142857142,31,157.0,118.0,5.064516129032258,3.806451612903226,1.3305084745762712,6,3,0.0,2
82e79967-3d51-49d1-bbd7-f7c5262a6955,False,2025-03-16 23:56:10.325000+00:00,2026-02-11 20:43:39.785000+00:00,12,3,331.86631319444444,19.71574542824074,4.0,0.0171340162037037,12,3,9,0.25,0.3333333333333333,12,13.0,37.0,1.0833333333333333,3.0833333333333335,0.35135135135135137,1,3,0.0,2
82f16555-ed7e-4e2d-81bf-67b08dfed052,False,2025-04-11 17:00:02.941000+00:00,2025-11-09 02:53:17.086000+00:00,62,13,211.41196927083334,114.4590637037037,4.769230769230769,0.025635717592592592,62,29,33,0.46774193548387094,0.8787878787878788,62,360.0,225.0,5.806451612903226,3.629032258064516,1.6,4,6,0.8548387096774194,3
830de696-9871-4f35-9cc1-8d3e1d8601cf,False,2025-06-27 00:12:07.777000+00:00,2025-06-27 01:10:58.931000+00:00,5,1,0.040869837962962965,249.53010716435185,5.0,0.010138385416666666,5,1,4,0.2,0.25,5,4.0,10.0,0.8,2.0,0.4,1,2,0.0,1
8430ce71-3b2d-4785-be39-de5a430608e5,True,2025-03-09 01:35:44.794000+00:00,2025-03-09 02:18:29.231000+00:00,3,1,0.029680983796296294,359.4832286921296,3.0,0.014840491898148147,3,2,1,0.6666666666666666,2.0,3,3.0,11.0,1.0,3.6666666666666665,0.2727272727272727,2,1,0.0,2
85318bad-6d96-462d-b16c-066d45ecae77,False,2025-06-08 14:36:53.043000+00:00,2025-06-09 13:58:01.757000+00:00,3,2,0.9730175231481483,266.9974355671296,1.5,0.4865087615740741,3,1,2,0.3333333333333333,0.5,3,5.0,12.0,1.6666666666666667,4.0,0.4166666666666667,1,2,0.0,1
8582ef27-8659-4154-8379-15d43418cca6,False,2025-05-15 05:15:36.625000+00:00,2025-07-13 05:33:02.652000+00:00,86,17,59.01210679398148,233.34811965277777,5.0588235294117645,0.013291469907407408,86,40,46,0.46511627906976744,0.8695652173913043,86,42.0,248.0,0.4883720930232558,2.883720930232558,0.1693548387096774,7,7,0.0,2
8586b23e-95da-4486-a91b-8f400081756b,False,2025-09-03 21:42:30.522000+00:00,2025-12-26 22:40:31.449000+00:00,362,60,114.04028850694444,66.63459190972223,6.033333333333333,0.02834017361111111,362,163,199,0.45027624309392267,0.8190954773869347,362,1224.0,1301.0,3.3812154696132595,3.5939226519337018,0.940814757878555,6,7,0.0,2
85d96764-08ea-4a03-89c4-8f1059372675,True,2026-02-16 07:36:44.796000+00:00,2026-02-23 09:51:43.999000+00:00,25,5,7.093740775462963,8.16847443287037,5.0,0.01859300925925926,25,19,6,0.76,3.1666666666666665,25,149.0,78.0,5.96,3.12,1.9102564102564104,5,1,0.0,1
8603edaa-8129-49b5-b1f0-d1afaf226022,False,2025-05-24 00:06:22.732000+00:00,2025-05-24 00:06:22.732000+00:00,1,1,0.0,283.5749705787037,1.0,,1,1,0,1.0,,1,2.0,2.0,2.0,2.0,1.0,1,0,0.0,1
860aaf47-2185-4298-b25e-f0d1ce8156af,False,2025-05-16 01:47:39.665000+00:00,2025-05-18 01:54:20.378000+00:00,8,3,2.0046378819444444,289.49999782407406,2.6666666666666665,0.019894988425925925,8,3,5,0.375,0.6,8,28.0,28.0,3.5,3.5,1.0,2,3,0.125,3
866e0cca-33c1-4d50-98fb-73d32b1d52bb,True,2025-05-15 22:11:23.389000+00:00,2025-06-25 16:50:14.423000+00:00,4,3,40.77697956018518,250.87784452546296,1.3333333333333333,10.034025497685185,4,3,1,0.75,3.0,4,8.0,14.0,2.0,3.5,0.5714285714285714,2,1,0.5,2
86c61f08-b8e2-4b7e-89ea-302a508be341,True,2025-03-04 16:03:00.023000+00:00,2026-03-03 13:54:20.190000+00:00,208,62,363.9106500810185,0.0,3.3548387096774195,0.02387655092592593,208,104,104,0.5,1.0,208,591.0,858.0,2.8413461538461537,4.125,0.6888111888111889,9,7,0.9182692307692307,3
86d48297-4571-4258-af5b-78616a50e0f3,True,2025-03-05 22:18:56.155000+00:00,2025-12-14 23:42:36.118000+00:00,98,33,284.0581014236111,78.59148231481481,2.9696969696969697,0.02448324074074074,98,59,39,0.6020408163265306,1.5128205128205128,96,522.0,314.0,5.4375,3.2708333333333335,1.6624203821656052,4,4,0.09183673469387756,2
86dad951-aa3d-4306-8ff5-5a4a07834961,False,2025-04-11 13:53:58.463000+00:00,2025-04-16 18:00:01.194000+00:00,48,4,5.17086494212963,320.8293865277778,12.0,0.019267118055555556,48,24,24,0.5,1.0,48,199.0,189.0,4.145833333333333,3.9375,1.052910052910053,7,8,0.0625,3
86e3d7f9-8c6c-48ad-90b2-bc286dc2d817,True,2025-07-10 02:20:22.169000+00:00,2026-01-07 01:17:59.491000+00:00,89,26,180.9566819675926,55.52523957175926,3.423076923076923,0.0370825462962963,89,39,50,0.43820224719101125,0.78,89,180.0,224.0,2.0224719101123596,2.5168539325842696,0.8035714285714286,4,6,0.0,2
874d6d6f-1538-43bb-8cbc-50be21d6a206,False,2025-03-11 00:01:47.701000+00:00,2025-03-11 00:01:47.701000+00:00,1,1,0.0,357.57815380787036,1.0,,1,0,1,0.0,0.0,1,2.0,4.0,2.0,4.0,0.5,0,1,0.0,1
877d0f18-436d-4df1-b4f9-4f767d43a957,False,2025-03-07 17:16:00.128000+00:00,2026-01-31 12:43:45.296000+00:00,15,7,329.81093944444444,31.04901497685185,2.142857142857143,0.033933333333333336,15,7,8,0.4666666666666667,0.875,15,54.0,70.0,3.6,4.666666666666667,0.7714285714285715,4,3,0.3333333333333333,3
87f22160-5689-4bcb-ba80-ca2d57518d62,True,2025-03-05 00:22:07.039000+00:00,2026-03-02 15:09:00.033000+00:00,444,101,362.61589113425924,0.9481499652777778,4.396039603960396,0.03044393518518519,444,239,205,0.5382882882882883,1.1658536585365853,442,1943.0,1691.0,4.395927601809955,3.82579185520362,1.1490242460082791,11,5,0.46396396396396394,3
884b71fa-24cc-4397-a02f-f67506079a4a,True,2025-06-13 15:25:51.906000+00:00,2026-03-01 15:21:37.586000+00:00,20,6,260.9970564814815,1.9393819907407406,3.3333333333333335,0.011620613425925925,20,14,6,0.7,2.3333333333333335,20,36.0,53.0,1.8,2.65,0.6792452830188679,6,2,0.0,1
88cba154-adfc-4d84-8a69-186f7395d674,True,2025-09-01 01:30:39.226000+00:00,2026-01-30 23:17:38.860000+00:00,745,79,151.90763465277777,31.608811689814814,9.430379746835444,0.014321469907407406,745,233,512,0.312751677852349,0.455078125,745,1500.0,1860.0,2.0134228187919465,2.4966442953020134,0.8064516129032258,5,14,0.0,2
88ce1db0-e841-4122-8122-ba408894993b,False,2025-07-19 00:16:31.763000+00:00,2025-07-19 00:16:31.763000+00:00,1,1,0.0,227.5679216087963,1.0,,1,1,0,1.0,,1,0.0,2.0,0.0,2.0,0.0,1,0,0.0,1
88f1f7f2-71d8-4c42-b87e-b25d3415ca05,True,2025-06-26 04:53:03.485000+00:00,2025-07-01 21:57:26.338000+00:00,15,3,5.711375613425926,244.66451217592595,5.0,0.012762251157407409,15,8,7,0.5333333333333333,1.1428571428571428,15,46.0,33.0,3.066666666666667,2.2,1.393939393939394,3,4,0.0,1
89947a49-77e2-4429-afc1-dc8b203f52e4,False,2025-06-13 06:02:12.905000+00:00,2025-07-28 05:18:09.777000+00:00,69,18,44.96940824074074,218.35845385416664,3.8333333333333335,0.01449754050925926,69,37,32,0.5362318840579711,1.15625,69,129.0,201.0,1.8695652173913044,2.9130434782608696,0.6417910447761194,8,5,0.0,2
899c022b-b7a2-46df-850b-2ac52e209eba,True,2025-03-08 06:15:00.046000+00:00,2026-02-27 02:03:52.533000+00:00,1342,140,355.82560748842593,4.493375659722222,9.585714285714285,0.012923182870370371,1342,768,574,0.5722801788375559,1.3379790940766552,1342,3012.0,3742.0,2.2444113263785397,2.788375558867362,0.8049171566007483,29,9,0.019374068554396422,3
89cba5a4-d7c8-4b7d-bb0c-4854e3c6d4ce,True,2026-01-29 22:40:02.529000+00:00,2026-01-29 22:40:02.529000+00:00,1,1,0.0,32.634926631944445,1.0,,1,1,0,1.0,,1,0.0,5.0,0.0,5.0,0.0,1,0,0.0,1
8a50364d-97e4-4630-a458-8175f7670e47,True,2025-06-19 01:02:02.538000+00:00,2025-06-23 02:55:05.234000+00:00,5,2,4.078503425925926,253.45781199074074,2.5,0.008563038194444445,5,2,3,0.4,0.6666666666666666,5,15.0,11.0,3.0,2.2,1.3636363636363635,2,2,0.0,1
8a6eda88-f93c-48c2-8e07-ca86da88bf18,False,2025-06-26 04:20:49.905000+00:00,2025-10-14 00:53:15.689000+00:00,67,30,109.85585398148149,140.54241320601852,2.2333333333333334,0.11727296296296297,67,34,33,0.5074626865671642,1.0303030303030303,67,298.0,232.0,4.447761194029851,3.462686567164179,1.2844827586206897,5,5,0.9552238805970149,3
8b1b78bb-80a8-4fe9-b47a-245456382ec8,False,2025-09-28 18:28:52.132000+00:00,2025-09-28 18:28:52.132000+00:00,1,1,0.0,155.80935252314816,1.0,,1,0,1,0.0,0.0,1,0.0,1.0,0.0,1.0,0.0,0,1,0.0,1
8b546534-502a-4747-9eda-1fe3f376a885,False,2025-03-18 11:04:21.073000+00:00,2025-12-12 13:28:35.982000+00:00,533,127,269.1001725578704,81.01787277777777,4.196850393700787,0.016162436342592592,533,219,314,0.41088180112570355,0.697452229299363,533,1442.0,1573.0,2.7054409005628517,2.951219512195122,0.9167196439923713,6,9,0.0,2
8ba398fd-88c3-48b1-b416-683721d15baa,False,2025-10-15 22:48:44.791000+00:00,2025-11-20 13:27:29.964000+00:00,5,4,35.61024505787037,103.018636875,1.25,1.9008013541666666,5,2,3,0.4,0.6666666666666666,5,11.0,10.0,2.2,2.0,1.1,1,2,0.4,3
8bd49107-1b10-42c3-9372-a1b581f94187,True,2025-05-02 21:26:51.491000+00:00,2026-02-22 21:41:46.040000+00:00,21,6,296.01035357638887,8.67539525462963,3.5,0.015242025462962964,21,10,11,0.47619047619047616,0.9090909090909091,21,69.0,64.0,3.2857142857142856,3.0476190476190474,1.078125,3,3,0.047619047619047616,3
8c2e3dba-7b2f-4ee5-ab1e-108c96cf467a,True,2025-05-21 02:32:38.557000+00:00,2025-05-21 02:32:38.557000+00:00,1,1,0.0,286.4733985300926,1.0,,1,0,1,0.0,0.0,1,0.0,4.0,0.0,4.0,0.0,0,1,0.0,1
8c4e871e-b35a-4b48-8803-28c48883f7ac,True,2025-05-13 02:01:47.342000+00:00,2025-05-25 04:14:41.687000+00:00,13,3,12.092295659722222,282.4025289699074,4.333333333333333,0.015174149305555554,13,5,8,0.38461538461538464,0.625,13,26.0,61.0,2.0,4.6923076923076925,0.4262295081967213,3,3,0.0,1
8c5566d6-22ad-4c12-b19d-863c7013830f,False,2025-03-09 00:11:09.110000+00:00,2025-03-11 21:01:29.242000+00:00,3,3,2.868288564814815,356.70336745370366,1.0,1.4341442824074075,3,2,1,0.6666666666666666,2.0,3,9.0,9.0,3.0,3.0,1.0,1,1,0.0,1
8d0ba6a4-fb08-4e10-91b2-fc3b85979bda,True,2025-06-11 23:09:07.129000+00:00,2026-01-30 18:03:30.971000+00:00,117,61,232.78777594907407,31.82695855324074,1.9180327868852458,0.5298032696759258,117,52,65,0.4444444444444444,0.8,117,179.0,301.0,1.5299145299145298,2.572649572649573,0.5946843853820598,4,5,0.0,2
8d84b650-a81a-4b3a-9e4f-77c124dd1753,False,2025-03-04 20:14:49.761000+00:00,2025-10-24 19:21:48.585000+00:00,382,70,233.96318083333335,129.77258802083333,5.457142857142857,0.020712152777777777,382,208,174,0.5445026178010471,1.1954022988505748,382,1491.0,1578.0,3.9031413612565444,4.130890052356021,0.9448669201520913,11,6,0.8298429319371727,3
8d8989c9-9ad6-49cc-89f0-a59dcb1d38cb,True,2025-03-29 03:54:53.810000+00:00,2026-02-24 23:59:48.150000+00:00,49,20,332.8367400462963,6.579537500000001,2.45,0.0926625462962963,49,20,29,0.40816326530612246,0.6896551724137931,49,59.0,112.0,1.2040816326530612,2.2857142857142856,0.5267857142857143,4,9,0.0,2
8dbab1dd-3c40-4b6f-a6f1-e62a88e836b8,True,2025-06-11 12:27:48.219000+00:00,2026-02-17 11:06:55.631000+00:00,1026,105,250.94383578703705,14.116256469907405,9.771428571428572,0.021378148148148146,1026,516,510,0.5029239766081871,1.011764705882353,1026,4325.0,4478.0,4.215399610136452,4.364522417153996,0.9658329611433676,7,10,0.9707602339181286,3
8e684b74-3e51-4dd8-b95a-d5315692c524,False,2025-06-02 20:08:01.368000+00:00,2025-09-10 04:51:27.501000+00:00,56,19,99.36349690972222,174.37699871527778,2.9473684210526314,0.02368616898148148,56,26,30,0.4642857142857143,0.8666666666666667,56,227.0,223.0,4.053571428571429,3.982142857142857,1.0179372197309418,5,6,0.9285714285714286,3
8e85d9f0-4c90-40ea-baa4-51f08067b604,False,2025-07-12 12:28:00.129000+00:00,2025-08-11 17:06:23.506000+00:00,88,17,30.193326122685182,203.86662828703703,5.176470588235294,0.023858252314814817,88,47,41,0.5340909090909091,1.146341463414634,88,485.0,360.0,5.511363636363637,4.090909090909091,1.3472222222222223,5,4,0.875,2
8eabaf1d-adc4-464d-bb3f-e418fe259950,False,2025-12-23 03:18:42.946000+00:00,2026-01-17 03:45:44.677000+00:00,25,12,25.018770034722223,45.42263325231481,2.0833333333333335,0.3523496527777778,25,17,8,0.68,2.125,25,39.0,78.0,1.56,3.12,0.5,5,3,0.0,2
8ed93e21-1eff-4892-b1cb-63b51913a2cd,False,2025-05-04 16:58:06.083000+00:00,2025-05-04 16:58:06.083000+00:00,1,1,0.0,302.8723854976852,1.0,,1,0,1,0.0,0.0,1,4.0,5.0,4.0,5.0,0.8,0,1,0.0,1
8f48c8a4-8211-452f-9cde-ebb68c72ecca,True,2025-10-09 00:32:17.319000+00:00,2026-01-20 14:13:33.219000+00:00,33,8,103.57032291666667,41.986654756944446,4.125,0.01353120949074074,33,17,16,0.5151515151515151,1.0625,33,95.0,64.0,2.878787878787879,1.9393939393939394,1.484375,8,3,0.06060606060606061,2
8f6c5610-542c-4335-a791-f8bfea7aa587,True,2025-07-17 14:07:23.215000+00:00,2026-02-16 23:43:30.920000+00:00,429,77,214.40008917824073,14.590848032407408,5.571428571428571,0.016479797453703704,429,187,242,0.4358974358974359,0.7727272727272727,427,1181.0,1305.0,2.765807962529274,3.0562060889929743,0.9049808429118774,8,8,0.07925407925407925,3
8f9a2b10-f7b6-46d7-9427-d72f82dd1e68,False,2025-03-04 16:27:51.597000+00:00,2025-10-27 16:39:48.995000+00:00,144,38,237.00830321759258,126.88508327546296,3.789473684210526,0.011964050925925925,144,65,79,0.4513888888888889,0.8227848101265823,144,297.0,313.0,2.0625,2.173611111111111,0.9488817891373802,6,8,0.027777777777777776,3
8fb992cf-5c2a-41d8-a330-03ee1b1134fd,True,2025-12-13 18:43:46.973000+00:00,2026-02-16 06:34:12.854000+00:00,187,43,64.49335510416667,15.305640462962963,4.348837209302325,0.027265717592592595,187,92,95,0.4919786096256685,0.968421052631579,187,804.0,715.0,4.2994652406417115,3.823529411764706,1.1244755244755245,7,6,0.7219251336898396,3
8ffce50c-8f1a-4c78-858a-e3934e21805a,False,2026-02-28 12:24:45.513000+00:00,2026-03-02 23:12:11.608000+00:00,3,2,2.4496075810185185,0.6125993287037037,1.5,1.2248037905092592,3,1,2,0.3333333333333333,0.5,3,4.0,7.0,1.3333333333333333,2.3333333333333335,0.5714285714285714,1,1,0.0,1
900b207b-de19-4e64-ba90-7d6869691670,True,2025-03-05 05:27:38.081000+00:00,2026-03-03 03:02:32.719000+00:00,701,154,362.8992434953704,0.4526327662037037,4.5519480519480515,0.019988107638888888,698,327,371,0.4684813753581662,0.8814016172506739,701,2299.0,2907.0,3.2796005706134093,4.146932952924394,0.7908496732026143,6,13,0.6219686162624821,3
902a3602-0eb8-412a-9532-f2bb69e474b8,False,2025-07-01 13:56:03.688000+00:00,2025-07-01 13:56:03.688000+00:00,1,1,0.0,244.9988021064815,1.0,,1,0,1,0.0,0.0,1,1.0,3.0,1.0,3.0,0.3333333333333333,0,1,0.0,1
91180162-e5c1-45b6-af66-b55a9987d6e1,True,2025-03-15 02:56:29.102000+00:00,2025-04-05 04:07:35.177000+00:00,12,4,21.049375868055556,332.40746542824076,3.0,0.01570690972222222,12,4,8,0.3333333333333333,0.5,12,30.0,33.0,2.5,2.75,0.9090909090909091,2,4,0.25,2
911b085d-b153-45a6-ae09-739095ad108d,False,2025-04-26 18:55:13.919000+00:00,2025-07-12 06:31:06.053000+00:00,83,16,76.48324229166666,234.30780251157407,5.1875,0.019759363425925925,83,35,48,0.42168674698795183,0.7291666666666666,83,222.0,332.0,2.674698795180723,4.0,0.6686746987951807,4,5,0.5301204819277109,3
913b148c-ad08-41d3-8fa4-1407139fa094,True,2025-03-06 19:32:46.141000+00:00,2026-03-02 16:11:31.437000+00:00,287,95,360.8602464814815,0.9047309375,3.0210526315789474,0.017135104166666665,287,131,156,0.4564459930313589,0.8397435897435898,282,695.0,716.0,2.4645390070921986,2.5390070921985815,0.9706703910614525,6,7,0.0,2
91630a2b-5ac2-4eaf-a2e1-a8ff382c7cc1,False,2025-03-09 03:11:17.423000+00:00,2025-12-11 04:09:52.431000+00:00,152,35,277.040682962963,82.40587684027777,4.3428571428571425,0.019865115740740742,152,74,78,0.4868421052631579,0.9487179487179487,152,455.0,544.0,2.9934210526315788,3.5789473684210527,0.8363970588235294,6,7,0.15789473684210525,3
91e5d9b8-6dd9-4481-b5e3-bd2e4b2b34f2,True,2025-07-06 05:12:45.465000+00:00,2025-07-06 05:12:45.465000+00:00,1,1,0.0,240.3622074652778,1.0,,1,0,1,0.0,0.0,1,0.0,4.0,0.0,4.0,0.0,0,1,0.0,1
925fa0c1-4627-4e58-aeef-720b96b6dbe8,False,2025-04-14 00:53:02.835000+00:00,2025-04-14 16:11:19.018000+00:00,3,1,0.6376873032407407,322.9048746759259,3.0,0.31884365162037037,3,0,3,0.0,0.0,3,1.0,15.0,0.3333333333333333,5.0,0.06666666666666667,0,3,0.0,1
92f51f74-c52c-49fd-948e-d6aa632df2c2,True,2025-10-08 05:20:14.825000+00:00,2025-10-29 21:53:34.705000+00:00,65,13,21.689813425925923,124.66719311342592,5.0,0.022907945601851852,65,22,43,0.3384615384615385,0.5116279069767442,65,238.0,333.0,3.6615384615384614,5.123076923076923,0.7147147147147147,2,11,0.9846153846153847,2
933ccab7-99ce-4e32-a894-ff3d0b84d0d7,False,2025-11-25 15:50:33.998000+00:00,2025-11-25 15:50:33.998000+00:00,1,1,0.0,97.91928462962963,1.0,,1,1,0,1.0,,1,5.0,2.0,5.0,2.0,2.5,1,0,0.0,1
93cadcab-0a37-42aa-a5a4-d65fd81cdb18,True,2025-06-30 17:12:16.884000+00:00,2025-10-16 00:47:13.199000+00:00,125,37,107.31592957175926,138.54660869212964,3.3783783783783785,0.026028721064814814,125,48,77,0.384,0.6233766233766234,125,185.0,363.0,1.48,2.904,0.509641873278237,3,7,0.0,2
93d74b73-c442-4b13-b22d-6cec3148aed7,True,2025-03-04 17:37:38.981000+00:00,2025-11-05 23:32:12.636000+00:00,301,79,246.2462228587963,117.59869854166666,3.810126582278481,0.020948211805555554,301,147,154,0.4883720930232558,0.9545454545454546,301,1517.0,1240.0,5.039867109634551,4.119601328903655,1.2233870967741935,7,7,0.9335548172757475,3
9468b1ba-9091-4a88-b1cc-1c4cc37d8d1b,True,2025-12-20 08:46:54.648000+00:00,2026-03-02 12:36:34.938000+00:00,125,38,72.15949409722222,1.053995972222222,3.289473684210526,0.016668107638888888,125,48,77,0.384,0.6233766233766234,125,169.0,320.0,1.352,2.56,0.528125,4,9,0.0,2
947cd533-439c-4dce-ac6e-7ce15ae26f8e,False,2025-04-16 22:01:29.327000+00:00,2025-04-30 21:31:36.453000+00:00,12,4,13.979249143518517,306.68245065972224,3.0,0.01931800925925926,12,6,6,0.5,1.0,12,26.0,48.0,2.1666666666666665,4.0,0.5416666666666666,3,3,0.0,1
94a95802-05ea-4c0a-bc71-09caa13e4d87,True,2025-12-19 22:49:40.537000+00:00,2026-03-02 23:52:03.263000+00:00,23,10,73.04331858796296,0.5849181365740741,2.3,0.0497433912037037,23,5,18,0.21739130434782608,0.2777777777777778,23,11.0,61.0,0.4782608695652174,2.652173913043478,0.18032786885245902,2,10,0.0,1
95448b41-3b95-4a49-99e6-74d17e2df2ca,True,2025-03-05 00:16:31.731000+00:00,2026-03-02 18:15:58.917000+00:00,1191,256,362.74962020833334,0.8183017708333333,4.65234375,0.017882517361111114,1190,527,663,0.44285714285714284,0.7948717948717948,1188,3156.0,3833.0,2.6565656565656566,3.2264309764309766,0.8233759457344116,8,11,0.5062972292191436,3
95b5e17a-aa2f-46c3-82e6-79243f0ba362,False,2025-06-24 02:24:50.071000+00:00,2025-08-03 22:49:56.400000+00:00,86,19,40.850767696759256,211.62805312499998,4.526315789473684,0.01639925925925926,86,42,44,0.4883720930232558,0.9545454545454546,86,320.0,234.0,3.7209302325581395,2.7209302325581395,1.3675213675213675,5,6,0.08139534883720931,3
95fe29ff-31c5-440f-9348-e7abcd497e75,True,2025-07-01 08:17:55.714000+00:00,2026-03-03 12:32:07.905000+00:00,525,124,245.17652998842593,0.057086631944444445,4.233870967741935,0.015721313657407407,525,180,345,0.34285714285714286,0.5217391304347826,524,832.0,1614.0,1.5877862595419847,3.0801526717557253,0.5154894671623296,6,11,0.005714285714285714,3
9625b4ef-4771-449c-83fd-af34638e33de,True,2025-06-13 16:25:39.528000+00:00,2026-03-03 02:26:26.954000+00:00,122,42,262.4172155787037,0.4776994907407407,2.9047619047619047,0.025155752314814813,122,64,58,0.5245901639344263,1.103448275862069,122,438.0,491.0,3.5901639344262297,4.024590163934426,0.8920570264765784,7,4,0.2459016393442623,2
96f3ed12-dd49-4dfd-a94a-5b8cea721829,False,2025-03-17 21:00:43.535000+00:00,2025-03-29 19:34:18.595000+00:00,9,5,11.93998912037037,338.763907349537,1.8,0.5055177546296297,9,3,6,0.3333333333333333,0.5,9,27.0,32.0,3.0,3.5555555555555554,0.84375,2,4,0.0,2
9706628d-1c08-4b08-a6b5-d9cd9909b66e,False,2025-03-07 10:53:34.963000+00:00,2025-03-07 10:53:34.963000+00:00,1,1,0.0,361.1255234606482,1.0,,1,0,1,0.0,0.0,1,0.0,2.0,0.0,2.0,0.0,0,1,0.0,1
973ecf86-6b01-4ea5-bf7d-89a083d0352b,False,2025-09-11 22:33:30.238000+00:00,2025-09-27 23:24:56.251000+00:00,7,2,16.035717743055557,156.60374929398148,3.5,0.009943373842592593,7,3,4,0.42857142857142855,0.75,7,8.0,16.0,1.1428571428571428,2.2857142857142856,0.5,3,2,0.0,1
974a1c54-0458-4a97-854c-cb358ee7bbe0,False,2025-03-14 03:45:57.284000+00:00,2025-03-31 01:19:33.171000+00:00,9,4,16.898332025462963,337.5241553125,2.25,0.021066504629629633,9,4,5,0.4444444444444444,0.8,9,14.0,46.0,1.5555555555555556,5.111111111111111,0.30434782608695654,3,3,0.1111111111111111,2
976b3644-cdbd-477a-abbc-0a4e98778bda,False,2025-06-11 13:06:01.090000+00:00,2025-07-17 15:05:26.950000+00:00,46,11,36.082938194444445,228.95061620370367,4.181818181818182,0.013413240740740741,46,21,25,0.45652173913043476,0.84,46,178.0,121.0,3.869565217391304,2.630434782608696,1.4710743801652892,7,10,0.021739130434782608,3
977cff16-2440-4a25-9c6c-7aa528058495,False,2025-03-07 01:54:20.831000+00:00,2026-02-01 00:32:10.170000+00:00,105,28,330.9429321643519,30.557060416666666,3.75,0.020612523148148147,105,60,45,0.5714285714285714,1.3333333333333333,105,542.0,382.0,5.161904761904762,3.638095238095238,1.418848167539267,7,6,0.8476190476190476,2
9785f551-d943-410d-899a-0b6a9b5e0009,False,2025-09-28 01:39:57.711000+00:00,2025-10-28 11:05:27.450000+00:00,2,2,30.392705312500002,126.11727708333333,1.0,30.392705312500002,2,1,1,0.5,1.0,2,10.0,5.0,5.0,2.5,2.0,1,1,0.0,1
97da31b0-5540-41b5-892e-84aaf718f7e8,False,2026-02-20 22:41:15.159000+00:00,2026-02-20 22:41:15.159000+00:00,1,1,0.0,10.634086006944443,1.0,,1,0,1,0.0,0.0,1,1.0,3.0,1.0,3.0,0.3333333333333333,0,1,0.0,1
98bf2dfc-0a1d-4c85-beab-fe7fe1d72261,True,2026-01-18 21:27:18.877000+00:00,2026-02-01 01:48:44.150000+00:00,36,10,13.181542511574074,30.503889351851853,3.6,0.018854675925925928,36,12,24,0.3333333333333333,0.5,36,95.0,98.0,2.638888888888889,2.7222222222222223,0.9693877551020408,4,9,0.0,1
98d5277a-dd70-4ee7-a2ec-0326e78e722a,False,2025-10-12 17:14:13.142000+00:00,2025-10-12 17:29:16.625000+00:00,2,1,0.010456979166666667,141.85073570601853,2.0,0.010456979166666667,2,0,2,0.0,0.0,2,0.0,1.0,0.0,0.5,0.0,0,2,0.0,1
9900be59-9c8e-4b34-92ce-a7405c25b53d,False,2025-12-26 06:28:51.949000+00:00,2025-12-26 06:28:51.949000+00:00,1,1,0.0,67.30935464120371,1.0,,1,1,0,1.0,,1,1.0,2.0,1.0,2.0,0.5,1,0,0.0,1
990dab74-cd42-4964-8d8f-651a53eae627,False,2026-02-16 15:00:24.699000+00:00,2026-02-16 15:00:24.699000+00:00,1,1,0.0,14.954114479166666,1.0,,1,0,1,0.0,0.0,1,0.0,0.0,0.0,0.0,,0,1,0.0,1
99173eb3-d53c-4894-b861-7ee266bdcc48,True,2025-06-15 03:35:38.800000+00:00,2026-02-07 02:23:17.263000+00:00,95,16,236.94975072916665,24.479894988425926,5.9375,0.015635572916666667,95,45,50,0.47368421052631576,0.9,95,233.0,325.0,2.4526315789473685,3.4210526315789473,0.7169230769230769,5,5,0.0,2
99240da3-4b25-4e32-972b-912f5e7fe0b2,False,2025-06-17 12:46:09.493000+00:00,2026-02-15 03:40:48.135000+00:00,166,45,242.6212805787037,16.426065451388887,3.688888888888889,0.022526435185185188,166,93,73,0.5602409638554217,1.273972602739726,166,912.0,674.0,5.493975903614458,4.0602409638554215,1.3531157270029674,8,5,0.9156626506024096,3
9960df6d-59dd-4b8c-9040-cd316ab792dc,False,2025-05-25 16:44:53.779000+00:00,2025-05-25 16:44:53.779000+00:00,1,1,0.0,281.8815556828703,1.0,,1,0,1,0.0,0.0,1,0.0,1.0,0.0,1.0,0.0,0,1,0.0,1
999637db-e91b-4707-9c2f-3c5dfb2a79f6,False,2025-04-27 21:37:54.752000+00:00,2025-10-03 01:49:37.160000+00:00,7,3,158.1747963888889,151.5032758101852,2.3333333333333335,0.019719421296296294,7,3,4,0.42857142857142855,0.75,7,7.0,22.0,1.0,3.142857142857143,0.3181818181818182,2,2,0.0,2
99a58535-0a56-42ba-95be-2f80f7fbd321,True,2026-02-23 20:04:21.113000+00:00,2026-03-02 01:02:09.219000+00:00,15,7,6.206806782407408,1.5362380902777777,2.142857142857143,0.06252127893518519,15,3,12,0.2,0.25,15,35.0,46.0,2.3333333333333335,3.066666666666667,0.7608695652173914,2,7,0.0,1
9a004b85-0e43-4465-a2bc-7c3a1d5beefe,False,2025-07-11 22:06:52.304000+00:00,2025-07-11 22:24:31.502000+00:00,2,1,0.012259236111111111,234.6457024074074,2.0,0.012259236111111111,2,2,0,1.0,,2,3.0,5.0,1.5,2.5,0.6,2,0,0.0,1
9a343a76-4ba7-49dc-a45b-5296f8dcd8c2,False,2026-02-18 18:36:24.821000+00:00,2026-02-22 14:12:30.776000+00:00,7,2,3.8167355902777778,8.987377476851853,3.5,0.013979901620370369,7,5,2,0.7142857142857143,2.5,7,29.0,18.0,4.142857142857143,2.5714285714285716,1.6111111111111112,5,1,0.0,2
9a83dc50-f1c9-4b9d-8b34-4dc41ce4f619,False,2025-11-19 17:28:24.718000+00:00,2026-02-06 18:10:03.112000+00:00,223,34,79.02891659722222,24.82241988425926,6.5588235294117645,0.01263542824074074,222,86,136,0.38738738738738737,0.6323529411764706,216,485.0,541.0,2.2453703703703702,2.5046296296296298,0.8964879852125693,5,8,0.0,1
9aaadadc-42e8-410c-bb3f-97b287245202,True,2025-09-13 09:25:17.277000+00:00,2026-01-24 15:58:38.405000+00:00,18,9,133.27316120370372,37.91367806712963,2.0,0.029476365740740737,18,8,10,0.4444444444444444,0.8,18,64.0,64.0,3.5555555555555554,3.5555555555555554,1.0,2,3,0.0,2
9afccd80-359e-4149-ae97-298195b53b8e,False,2025-07-15 08:10:04.992000+00:00,2025-07-15 08:10:04.992000+00:00,1,1,0.0,231.23906479166666,1.0,,1,1,0,1.0,,1,1.0,4.0,1.0,4.0,0.25,1,0,0.0,1
9b263575-2549-4a4f-9352-468f95b5fe7e,False,2025-11-03 07:52:46.140000+00:00,2025-11-03 07:52:46.140000+00:00,1,1,0.0,120.25108854166668,1.0,,1,0,1,0.0,0.0,1,2.0,4.0,2.0,4.0,0.5,0,1,0.0,1
9b6de417-4a39-488c-b972-007e354cf7d5,True,2025-04-12 03:24:08.370000+00:00,2026-02-07 18:10:01.933000+00:00,335,79,301.615203275463,23.822433530092592,4.2405063291139244,0.023908524305555554,335,160,175,0.47761194029850745,0.9142857142857143,331,1892.0,1081.0,5.716012084592145,3.2658610271903323,1.7502312673450509,5,6,0.8537313432835821,3
9bc92b67-eee8-4d83-afcd-63585925703b,False,2025-03-16 04:29:29.780000+00:00,2025-10-08 04:04:47.060000+00:00,68,19,205.9828388888889,146.40941122685186,3.5789473684210527,0.012675925925925927,68,34,34,0.5,1.0,68,237.0,174.0,3.485294117647059,2.5588235294117645,1.3620689655172413,4,4,0.22058823529411764,2
9bcededd-fa18-4148-808e-2a2e87158f28,False,2026-02-13 18:34:34.970000+00:00,2026-02-20 01:37:48.451000+00:00,5,2,6.293906030092593,11.511478460648148,2.5,0.016046475694444444,5,3,2,0.6,1.5,5,4.0,20.0,0.8,4.0,0.2,2,2,0.0,1
9c192ddd-1791-4274-959a-f17c9da001e2,False,2025-04-19 16:26:57.756000+00:00,2025-04-28 12:36:59.326000+00:00,6,4,8.840295949074074,309.0537137037037,1.5,0.01746917824074074,6,2,4,0.3333333333333333,0.5,6,18.0,26.0,3.0,4.333333333333333,0.6923076923076923,1,2,0.0,1
9c9305b2-2377-43cb-a4df-d83132957a2a,True,2025-03-16 13:13:18.476000+00:00,2026-02-27 17:12:00.294000+00:00,628,85,348.1657617824074,3.8627302777777777,7.3882352941176475,0.02032579861111111,627,307,320,0.48963317384370014,0.959375,628,2221.0,2501.0,3.536624203821656,3.982484076433121,0.8880447820871651,12,9,0.9904458598726115,2
9cc2d0c8-2180-4efe-a967-1885f39fe5b2,True,2026-02-08 07:04:27.400000+00:00,2026-02-08 07:04:27.400000+00:00,1,1,0.0,23.28463877314815,1.0,,1,0,1,0.0,0.0,1,1.0,2.0,1.0,2.0,0.5,0,1,0.0,1
9d400bc0-87f6-4553-aeab-9ebb35b5107b,True,2025-03-17 10:42:41.053000+00:00,2026-02-11 04:40:25.848000+00:00,19,10,330.74843512731485,20.38465673611111,1.9,0.37590092013888887,19,10,9,0.5263157894736842,1.1111111111111112,19,86.0,79.0,4.526315789473684,4.157894736842105,1.0886075949367089,3,4,0.2631578947368421,3
9da712d8-5a12-41a4-b019-89103e432cc4,False,2026-02-15 15:50:30.666000+00:00,2026-02-21 15:30:29.791000+00:00,10,5,5.986100983796296,9.933222210648148,2.0,0.38716615740740745,10,6,4,0.6,1.5,10,23.0,27.0,2.3,2.7,0.8518518518518519,4,2,0.0,2
9da7d3be-2526-4e5a-834b-e190c2d4ce4b,True,2025-04-13 21:42:43.739000+00:00,2026-03-03 03:56:01.552000+00:00,39,8,323.25923394675925,0.41549349537037034,4.875,0.013119849537037036,39,17,22,0.4358974358974359,0.7727272727272727,39,116.0,108.0,2.9743589743589745,2.769230769230769,1.0740740740740742,4,6,0.1282051282051282,3
9db8a7a9-315b-414e-984e-1a6f7478c826,True,2025-06-10 00:00:55.443000+00:00,2025-12-03 03:42:58.616000+00:00,16,8,176.1542033912037,90.42455525462962,2.0,0.07267364583333333,16,10,6,0.625,1.6666666666666667,16,56.0,48.0,3.5,3.0,1.1666666666666667,4,3,0.125,3
9e1fb762-19d8-4f7b-895f-d7895c295cc1,True,2025-07-06 13:17:57.988000+00:00,2025-07-09 15:11:00.506000+00:00,7,3,3.0785013657407405,236.94675560185186,2.3333333333333335,0.09387923032407408,7,4,3,0.5714285714285714,1.3333333333333333,7,18.0,24.0,2.5714285714285716,3.4285714285714284,0.75,3,2,0.7142857142857143,2
9e50a875-d714-4c18-9f19-0b3f4dfddb07,False,2025-08-31 03:21:21.451000+00:00,2025-09-03 15:48:08.543000+00:00,11,4,3.518600601851852,180.92096813657406,2.75,0.01586007523148148,11,3,8,0.2727272727272727,0.375,11,10.0,26.0,0.9090909090909091,2.3636363636363638,0.38461538461538464,1,3,0.0,1
9e705dfa-8a36-4c00-bdd2-6fee6ecb1666,False,2025-06-14 03:50:25.176000+00:00,2025-06-14 03:50:25.176000+00:00,1,1,0.0,262.4193867361111,1.0,,1,1,0,1.0,,1,4.0,2.0,4.0,2.0,2.0,1,0,0.0,1
9ee2afd0-e1cc-47c7-a127-7ebeda3954d4,True,2025-03-05 18:03:04.396000+00:00,2026-01-31 01:00:01.493000+00:00,14,9,331.28954973379626,31.537716400462966,1.5555555555555556,1.9115008796296298,14,12,2,0.8571428571428571,6.0,14,95.0,46.0,6.785714285714286,3.2857142857142856,2.0652173913043477,6,1,0.5714285714285714,3
9eed1054-2234-4e1d-8adf-3838d3770fd8,True,2025-03-05 21:31:45.511000+00:00,2025-09-04 22:19:40.902000+00:00,8,7,183.03327998842593,179.64906583333334,1.1428571428571428,15.961968159722224,8,5,3,0.625,1.6666666666666667,8,25.0,28.0,3.125,3.5,0.8928571428571429,2,2,1.0,1
9f803523-d49b-45cf-ad96-74e56b6b7091,False,2025-03-09 09:48:06.948000+00:00,2025-11-20 20:35:09.506000+00:00,91,28,256.449335162037,102.7216514351852,3.25,0.032073101851851846,91,55,36,0.6043956043956044,1.5277777777777777,91,618.0,326.0,6.791208791208791,3.5824175824175826,1.8957055214723926,8,5,0.8901098901098901,3
a07d8b1c-5957-4fa9-924d-195f4b877d64,False,2025-06-13 20:53:08.266000+00:00,2025-06-16 13:23:24.304000+00:00,9,3,2.687685625,260.02148016203705,3.0,0.014921359953703705,9,2,7,0.2222222222222222,0.2857142857142857,9,17.0,28.0,1.8888888888888888,3.111111111111111,0.6071428571428571,1,5,0.0,1
a09d590e-68d2-4467-81db-39f3b47551d4,True,2025-03-04 18:20:25.232000+00:00,2026-01-16 20:11:49.218000+00:00,341,137,318.0773609490741,45.73785847222222,2.489051094890511,0.14306277777777776,341,179,162,0.5249266862170088,1.1049382716049383,339,1047.0,1335.0,3.088495575221239,3.938053097345133,0.7842696629213484,7,6,0.6686217008797654,3
a165313f-2e04-4f37-9d84-6921c4bdcc77,False,2025-12-09 21:51:23.986000+00:00,2025-12-09 22:38:26.426000+00:00,4,1,0.03266712962962963,83.63603893518518,4.0,0.009131909722222222,4,3,1,0.75,3.0,0,,,,,,2,1,0.0,1
a196ec9c-2612-4e07-9f09-e683cd899e9a,True,2025-05-06 14:28:57.681000+00:00,2026-03-02 21:13:27.663000+00:00,496,103,300.28090256944444,0.6950523958333333,4.815533980582524,0.021337118055555555,496,221,275,0.44556451612903225,0.8036363636363636,496,1739.0,1905.0,3.506048387096774,3.840725806451613,0.9128608923884515,7,8,0.6189516129032258,3
a1c3ff08-fea8-4e17-b732-dbc9913621db,True,2025-07-06 15:10:47.615000+00:00,2026-03-03 03:27:26.308000+00:00,738,92,239.51155894675927,0.43534585648148144,8.021739130434783,0.023391053240740742,738,350,388,0.4742547425474255,0.9020618556701031,738,3326.0,2803.0,4.506775067750677,3.7981029810298104,1.1865858009275776,9,10,0.8441734417344173,3
a2244f79-0eb8-467e-9ea2-8dbae5f7e638,False,2025-06-25 18:21:23.471000+00:00,2025-07-12 15:16:04.296000+00:00,20,5,16.871305844907408,233.9432395138889,4.0,0.01536553240740741,20,13,7,0.65,1.8571428571428572,20,39.0,61.0,1.95,3.05,0.639344262295082,9,3,0.0,1
a288b20c-8f76-439e-b1a3-5eb378907ccd,True,2025-03-05 02:35:18.308000+00:00,2026-02-28 19:36:57.111000+00:00,721,160,360.70947688657407,2.762072673611111,4.50625,0.023555121527777778,720,411,309,0.5708333333333333,1.3300970873786409,721,3579.0,2914.0,4.9639389736477115,4.041608876560333,1.2282086479066576,11,8,0.9667128987517337,3
a2e2f979-07d1-488b-95ab-5db69713d09b,False,2026-01-26 23:08:50+00:00,2026-01-31 16:26:46.541000+00:00,2,2,4.720793298611111,30.89413945601852,1.0,4.720793298611111,2,0,2,0.0,0.0,2,3.0,6.0,1.5,3.0,0.5,0,2,0.0,1
a30a8e9c-e859-45b4-a965-8da22fb38886,True,2025-03-08 20:20:47.428000+00:00,2026-03-02 19:59:55.057000+00:00,473,118,358.9855049652778,0.7461242245370371,4.008474576271187,0.02239337962962963,473,243,230,0.5137420718816068,1.0565217391304347,472,2016.0,1894.0,4.271186440677966,4.012711864406779,1.06441393875396,7,7,0.6807610993657506,3
a33ba181-34ff-49cc-b8fc-d5b4df55c180,False,2025-05-20 11:04:00.540000+00:00,2026-01-23 09:27:07.883000+00:00,194,29,247.9327238773148,39.1855591087963,6.689655172413793,0.014803171296296295,194,80,114,0.41237113402061853,0.7017543859649122,194,423.0,504.0,2.1804123711340204,2.597938144329897,0.8392857142857143,5,10,0.0,2
a33d6b4f-9362-4476-87fd-ca36ed50ce18,True,2025-08-07 21:52:01.255000+00:00,2026-02-14 16:40:30.150000+00:00,100,34,190.7836677662037,16.884606944444446,2.9411764705882355,0.0185352662037037,100,42,58,0.42,0.7241379310344828,100,291.0,334.0,2.91,3.34,0.8712574850299402,4,6,0.2,3
a341918c-e547-40fb-bd31-85a567b01bd8,True,2025-06-04 19:35:28.654000+00:00,2026-02-15 04:01:39.284000+00:00,40,15,255.3515119212963,16.411584560185183,2.6666666666666665,0.024778240740740743,40,27,13,0.675,2.076923076923077,40,183.0,181.0,4.575,4.525,1.011049723756906,7,2,0.825,3
a41dff38-7caf-4312-94cf-c26c01c78865,True,2026-01-13 03:21:15.228000+00:00,2026-02-28 23:07:54.473000+00:00,147,32,46.82406533564815,2.615575428240741,4.59375,0.02321980324074074,147,78,69,0.5306122448979592,1.1304347826086956,147,643.0,552.0,4.374149659863946,3.7551020408163267,1.164855072463768,7,6,0.6462585034013606,2
a4816009-b34a-4140-a3dd-55badf3c045a,True,2025-11-17 19:18:13.086000+00:00,2025-12-09 01:19:34.215000+00:00,101,15,21.250938993055556,84.52414322916667,6.733333333333333,0.019602262731481482,101,37,64,0.36633663366336633,0.578125,100,237.0,333.0,2.37,3.33,0.7117117117117117,6,7,0.0,2
a4a10ca4-5460-4748-a2e4-6721ac3e28e5,False,2025-06-14 16:13:36.155000+00:00,2025-08-29 23:30:29.476000+00:00,6,2,76.30339491898148,185.59989252314816,3.0,0.014392094907407409,6,1,5,0.16666666666666666,0.2,6,8.0,17.0,1.3333333333333333,2.8333333333333335,0.47058823529411764,1,3,0.0,1
a4b3846c-4ad7-485e-9f44-6b48b97d5994,True,2025-03-04 18:14:40.887000+00:00,2026-02-19 15:33:07.259000+00:00,262,51,351.8878052314815,11.931399664351853,5.137254901960785,0.021650625,262,109,153,0.41603053435114506,0.7124183006535948,262,799.0,879.0,3.049618320610687,3.354961832061069,0.9089874857792947,5,14,0.40076335877862596,3
a55dd512-f13c-4f9c-92d9-7dfc228d3247,True,2026-01-05 00:33:40.990000+00:00,2026-02-28 23:29:02.610000+00:00,13,2,54.955111342592595,2.6008979166666664,6.5,0.017114467592592594,13,6,7,0.46153846153846156,0.8571428571428571,13,22.0,25.0,1.6923076923076923,1.9230769230769231,0.88,2,4,0.0,1
a5d693ec-fab8-4370-94d3-cdd601b90ec9,False,2025-06-15 17:46:28.892000+00:00,2025-06-29 14:53:29.233000+00:00,53,6,13.87986505787037,246.9589231134259,8.833333333333334,0.012973929398148148,53,28,25,0.5283018867924528,1.12,53,254.0,170.0,4.7924528301886795,3.207547169811321,1.4941176470588236,6,6,0.018867924528301886,3
a60fc6c6-226f-46f7-a204-26b6bd3d8d29,False,2025-03-07 19:06:02.368000+00:00,2025-04-21 18:47:55.345000+00:00,5,3,44.98741871527778,315.7961208912037,1.6666666666666667,8.032300706018518,5,2,3,0.4,0.6666666666666666,5,12.0,9.0,2.4,1.8,1.3333333333333333,2,3,0.0,1
a6cb46d7-a635-4390-bb51-4c86c4e1f85c,True,2025-03-04 22:10:09.272000+00:00,2026-02-17 22:07:24.007000+00:00,487,102,349.9980872106481,13.657594710648148,4.7745098039215685,0.018684554398148145,487,238,249,0.4887063655030801,0.9558232931726908,487,1493.0,1914.0,3.0657084188911705,3.9301848049281314,0.7800417972831766,6,8,0.7186858316221766,3
a7121564-b775-4758-aaef-37c511081cfd,False,2025-08-16 20:23:09.171000+00:00,2025-08-16 20:27:11.839000+00:00,2,1,0.0028086574074074073,198.72717998842592,2.0,0.0028086574074074073,2,1,1,0.5,1.0,2,10.0,5.0,5.0,2.5,2.0,1,1,0.0,1
a7312a13-9ec1-4c92-b990-296cb3615b8a,True,2025-07-09 01:54:54.721000+00:00,2025-07-09 02:11:03.176000+00:00,2,1,0.011208969907407407,237.4883913657407,2.0,0.011208969907407407,2,1,1,0.5,1.0,2,0.0,5.0,0.0,2.5,0.0,1,1,0.0,1
a7c673dd-e230-402d-aed2-3f920374b256,True,2025-03-05 01:42:55.667000+00:00,2026-02-27 07:13:11.564000+00:00,173,35,359.22935065972223,4.278572060185185,4.942857142857143,0.017819681712962963,172,95,77,0.5523255813953488,1.2337662337662338,173,1039.0,605.0,6.005780346820809,3.4971098265895955,1.7173553719008265,7,5,0.5895953757225434,3
a8df7a5c-3fd8-45b9-bc64-2078b3184013,False,2025-03-20 20:15:46.541000+00:00,2026-01-28 14:38:51.122000+00:00,201,42,313.76602524305554,33.96908643518518,4.785714285714286,0.02117523726851852,201,94,107,0.46766169154228854,0.8785046728971962,201,1090.0,849.0,5.422885572139304,4.223880597014926,1.2838633686690224,6,11,0.8805970149253731,3
a92be106-af06-417e-bdfc-f6df0250a6f3,True,2025-03-27 22:21:05.146000+00:00,2025-04-10 22:56:04.950000+00:00,2,2,14.024303287037037,326.6237875,1.0,14.024303287037037,2,1,1,0.5,1.0,2,0.0,9.0,0.0,4.5,0.0,1,1,0.0,1
a93be58b-8545-41b1-b97a-6bbcf0d4efc5,True,2025-03-09 11:15:54.484000+00:00,2026-02-24 16:15:54.903000+00:00,1344,217,352.20833818287036,6.9016815625,6.193548387096774,0.019734849537037035,1344,641,703,0.47693452380952384,0.9118065433854907,1344,5547.0,6404.0,4.127232142857143,4.7648809523809526,0.8661773891317927,8,10,0.8630952380952381,3
a9585799-d573-48bd-9f2d-8adfb7ce87bc,False,2025-12-16 11:59:17.656000+00:00,2026-01-13 05:13:55.835000+00:00,6,3,27.718497442129628,49.36139299768519,2.0,0.014833935185185186,6,5,1,0.8333333333333334,5.0,6,38.0,14.0,6.333333333333333,2.3333333333333335,2.7142857142857144,3,1,0.0,2
a95eea12-ec22-4bd6-8936-41411c8b397d,True,2025-03-09 06:37:45.700000+00:00,2025-10-19 05:26:47.757000+00:00,42,10,223.95071825231483,135.35245871527778,4.2,0.01637712962962963,42,19,23,0.4523809523809524,0.8260869565217391,42,106.0,119.0,2.5238095238095237,2.8333333333333335,0.8907563025210085,6,7,0.3333333333333333,3
a9d32617-0224-4e94-bc1d-d5454cc2ebda,True,2025-03-04 23:50:30.008000+00:00,2025-12-04 23:06:05.688000+00:00,584,126,274.96916296296297,88.61683451388889,4.634920634920635,0.01921497685185185,584,285,299,0.488013698630137,0.9531772575250836,584,2989.0,2025.0,5.118150684931507,3.4674657534246576,1.4760493827160495,9,9,0.1678082191780822,3
a9ff90de-a13f-4868-ba81-b2d3a713899a,True,2025-03-05 03:34:18.945000+00:00,2026-02-23 04:40:16.517000+00:00,317,101,355.0458052314815,8.384764733796295,3.1386138613861387,0.02321037037037037,317,155,162,0.4889589905362776,0.9567901234567902,312,1699.0,1282.0,5.44551282051282,4.108974358974359,1.325273010920437,7,6,0.9148264984227129,3
aa5cff65-4492-41dc-90d3-4041956d4803,False,2025-08-27 19:15:53.234000+00:00,2025-08-27 19:15:53.234000+00:00,1,1,0.0,187.77670087962963,1.0,,1,0,1,0.0,0.0,1,0.0,4.0,0.0,4.0,0.0,0,1,0.0,1
aa691a65-ba5a-4d27-a7ee-ad2c3e408aa9,True,2025-03-13 04:17:14.790000+00:00,2025-04-07 03:00:53.321000+00:00,3,2,24.946973738425925,330.4537832060185,1.5,12.473486869212962,3,1,2,0.3333333333333333,0.5,3,6.0,9.0,2.0,3.0,0.6666666666666666,1,1,0.0,2
aa997e78-2040-4827-be16-174059bc7c59,True,2025-08-03 20:39:07.169000+00:00,2025-08-11 02:42:11.247000+00:00,4,2,7.252130532407407,204.4667701736111,2.0,0.011893831018518517,4,4,0,1.0,,4,8.0,5.0,2.0,1.25,1.6,4,0,0.0,1
aaab5feb-d005-40a0-bd8e-62a0a539bcbf,True,2025-03-05 20:01:59.129000+00:00,2026-03-02 20:16:12.788000+00:00,424,178,362.0098803125,0.7348078935185185,2.3820224719101124,0.03522666666666666,424,183,241,0.43160377358490565,0.7593360995850622,422,1380.0,1722.0,3.2701421800947865,4.080568720379147,0.8013937282229965,6,13,0.9905660377358491,3
ab38e142-2bd5-4ad7-a59f-28ac8ebe0ed6,False,2026-01-21 17:45:43.764000+00:00,2026-01-21 17:45:43.764000+00:00,1,1,0.0,40.83931048611111,1.0,,1,0,1,0.0,0.0,1,1.0,4.0,1.0,4.0,0.25,0,1,0.0,1
ab479056-13bd-477c-9195-f635b0552fda,False,2025-03-08 23:08:13.948000+00:00,2025-05-28 00:24:44.952000+00:00,200,26,80.05313662037037,279.5622134027778,7.6923076923076925,0.017141550925925925,200,87,113,0.435,0.7699115044247787,200,493.0,806.0,2.465,4.03,0.6116625310173698,4,11,0.71,3
abdfa9c3-2b99-483a-9918-c4de20d22526,True,2025-03-11 20:26:45.216000+00:00,2025-08-04 16:37:45.670000+00:00,23,11,145.84097747685186,210.88651064814815,2.090909090909091,0.16326020833333332,23,13,10,0.5652173913043478,1.3,23,34.0,63.0,1.4782608695652173,2.739130434782609,0.5396825396825397,6,3,0.043478260869565216,3
ac1b7008-2de5-45bb-a616-f3a71e0851a6,True,2025-03-04 15:42:36.387000+00:00,2025-08-12 19:37:24.259000+00:00,109,28,161.16305407407407,202.76175846064817,3.892857142857143,0.01973630208333333,109,60,49,0.5504587155963303,1.2244897959183674,109,600.0,393.0,5.504587155963303,3.6055045871559632,1.5267175572519085,7,4,0.5137614678899083,3
acbad163-548d-4fb1-aa80-a1f9fe43a15e,True,2025-06-27 20:01:16.885000+00:00,2026-01-28 23:18:35.943000+00:00,499,65,215.13702613425923,33.608151006944446,7.676923076923077,0.013160630787037036,499,177,322,0.35470941883767537,0.5496894409937888,499,1176.0,1276.0,2.3567134268537075,2.5571142284569137,0.9216300940438872,7,16,0.0,2
acce76de-e158-40ae-8d8b-f506dc03fdbf,True,2026-02-24 13:31:33.917000+00:00,2026-02-24 15:03:46.609000+00:00,6,1,0.06403578703703704,6.95177755787037,6.0,0.012950891203703706,6,5,1,0.8333333333333334,5.0,6,15.0,11.0,2.5,1.8333333333333333,1.3636363636363635,4,1,0.0,1
acd6c3df-304d-46d4-8c28-3577803a212b,False,2025-03-14 18:03:48.483000+00:00,2025-03-21 01:44:20.376000+00:00,10,4,6.319813576388889,347.50694229166663,2.5,0.02136855324074074,10,5,5,0.5,1.0,10,22.0,41.0,2.2,4.1,0.5365853658536586,4,4,0.0,1
ad18f42e-1bf8-4cc4-b7c6-b1200aeaee74,False,2025-07-10 20:15:11.508000+00:00,2025-07-30 06:43:01.147000+00:00,47,8,19.43599119212963,216.29952596064817,5.875,0.01888742476851852,47,20,27,0.425531914893617,0.7407407407407407,47,157.0,198.0,3.3404255319148937,4.212765957446808,0.7929292929292929,4,4,1.0,1
ad424ce4-f04a-4353-9bdf-3a3f1ade48c7,True,2025-03-05 00:09:10.497000+00:00,2026-01-16 03:02:37.949000+00:00,42,18,317.12045662037036,46.452572233796296,2.3333333333333335,0.03277039351851852,42,21,21,0.5,1.0,42,227.0,179.0,5.404761904761905,4.261904761904762,1.2681564245810055,4,3,0.9047619047619048,3
ad91a883-6e78-45fd-8152-ffdea2298fa8,False,2025-12-26 10:37:00.328000+00:00,2025-12-27 11:12:18.936000+00:00,4,2,1.0245209259259258,66.11251451388888,2.0,0.020097824074074074,4,0,4,0.0,0.0,4,2.0,8.0,0.5,2.0,0.25,0,4,0.0,1
ad9f10af-41ac-472d-8bab-030d744ca5c5,False,2025-11-18 19:32:55.514000+00:00,2025-12-01 19:43:30.257000+00:00,4,3,13.0073465625,91.75752237268519,1.3333333333333333,4.897634699074074,4,0,4,0.0,0.0,4,3.0,12.0,0.75,3.0,0.25,0,4,0.0,1
ada943b9-6835-44c0-8d27-c87b8d941a0e,False,2025-08-22 15:59:45.795000+00:00,2025-08-22 17:45:13.589000+00:00,6,1,0.07323835648148148,192.83965973379628,6.0,0.011863206018518518,6,4,2,0.6666666666666666,2.0,6,8.0,13.0,1.3333333333333333,2.1666666666666665,0.6153846153846154,2,1,0.0,1
adbb7c86-eb77-43d0-b08d-bd78cc88a1a5,False,2025-06-18 21:05:00.518000+00:00,2025-06-18 21:05:00.518000+00:00,1,1,0.0,257.7009221296296,1.0,,1,0,1,0.0,0.0,1,0.0,4.0,0.0,4.0,0.0,0,1,0.0,1
adf7d509-9e2d-4581-b816-5369f592b48b,False,2025-07-19 17:59:07.923000+00:00,2025-10-12 08:46:52.317000+00:00,13,4,84.61648604166668,142.2135170486111,3.25,0.02358433449074074,13,6,7,0.46153846153846156,0.8571428571428571,13,58.0,47.0,4.461538461538462,3.6153846153846154,1.2340425531914894,4,3,0.7692307692307693,2
ae68f5b2-02b3-4b49-9f1a-1ec2433c8a47,True,2025-03-04 16:21:55.833000+00:00,2026-01-20 09:11:46.955000+00:00,138,31,321.70128613425925,42.19621799768518,4.451612903225806,0.019175185185185187,136,75,61,0.5514705882352942,1.2295081967213115,138,593.0,477.0,4.297101449275362,3.4565217391304346,1.2431865828092243,7,7,0.35507246376811596,3
ae6b842a-4f4c-4302-8892-17e96cd505f9,True,2025-03-23 06:06:16.376000+00:00,2025-11-04 00:55:20.160000+00:00,84,32,225.7840715740741,119.54097256944443,2.625,0.08567442129629631,84,40,44,0.47619047619047616,0.9090909090909091,84,257.0,151.0,3.0595238095238093,1.7976190476190477,1.7019867549668874,7,9,0.11904761904761904,3
aeb5c5ad-a874-42b3-864d-490a35894e17,False,2025-07-02 02:56:17.899000+00:00,2025-07-21 17:32:07.681000+00:00,10,2,19.608215069444444,224.8487558912037,5.0,0.016059699074074073,10,6,4,0.6,1.5,10,15.0,24.0,1.5,2.4,0.625,5,2,0.0,1
af6fdc39-4802-49eb-b062-416bf22ece35,False,2025-03-19 03:15:00.551000+00:00,2025-03-19 03:31:33.476000+00:00,2,1,0.011492187499999999,349.43248511574075,2.0,0.011492187499999999,2,1,1,0.5,1.0,2,5.0,8.0,2.5,4.0,0.625,1,1,0.0,1
af94a5ac-e979-4204-9984-73c215d80df0,False,2025-06-15 14:59:33.467000+00:00,2025-07-12 13:01:13.231000+00:00,43,9,26.917821342592593,234.036886099537,4.777777777777778,0.013006030092592592,43,22,21,0.5116279069767442,1.0476190476190477,43,115.0,128.0,2.6744186046511627,2.9767441860465116,0.8984375,4,3,0.0,1
afb34a5d-7ccb-4239-ab2b-845f6c5cfcae,False,2025-05-22 01:35:21.445000+00:00,2025-05-22 01:35:21.445000+00:00,1,1,0.0,285.5131799189815,1.0,,1,0,1,0.0,0.0,1,1.0,2.0,1.0,2.0,0.5,0,1,0.0,1
b000e402-f758-466c-b0ad-0322227b1c12,True,2025-06-07 02:53:07.853000+00:00,2026-03-03 01:48:31.817000+00:00,2,2,268.95513847222225,0.5040320949074074,1.0,268.95513847222225,2,2,0,1.0,,2,4.0,3.0,2.0,1.5,1.3333333333333333,2,0,0.0,2
b00f26cd-462f-48cd-809e-5ed8b3e1296d,False,2025-03-06 19:00:08.741000+00:00,2025-09-17 21:48:32.385000+00:00,673,67,195.11694032407408,166.6706921875,10.044776119402986,0.011520104166666666,673,306,367,0.45468053491827637,0.8337874659400545,673,1782.0,1421.0,2.6478454680534917,2.111441307578009,1.2540464461646728,7,12,0.17682020802377416,3
b1070281-9dbc-4622-b3db-e1ae00ae3a94,False,2025-04-13 14:34:36.314000+00:00,2025-04-16 20:53:16.474000+00:00,9,4,3.2629648148148145,320.70907078703704,2.25,0.25349762152777777,9,6,3,0.6666666666666666,2.0,9,62.0,34.0,6.888888888888889,3.7777777777777777,1.8235294117647058,2,1,0.0,2
b12108a1-ef73-4075-9f65-e2fe658678da,False,2025-06-12 13:21:05.310000+00:00,2025-06-12 13:21:05.310000+00:00,1,1,0.0,264.0230888888889,1.0,,1,1,0,1.0,,1,2.0,1.0,2.0,1.0,2.0,1,0,0.0,1
b1257323-156b-4918-b95a-eeab44c4558b,True,2025-08-08 15:37:29.868000+00:00,2026-02-12 19:35:34.490000+00:00,58,16,188.16533127314815,18.763028935185183,3.625,0.02133953703703704,58,33,25,0.5689655172413793,1.32,58,268.0,212.0,4.620689655172414,3.6551724137931036,1.2641509433962264,5,6,0.1206896551724138,3
b12ac539-c879-4f8a-9c3d-8a0fadff1e76,True,2025-06-07 01:05:57.056000+00:00,2026-02-26 21:36:23.369000+00:00,58,14,264.8544712152778,4.679129872685185,4.142857142857143,0.021648055555555556,58,32,26,0.5517241379310345,1.2307692307692308,58,160.0,236.0,2.7586206896551726,4.068965517241379,0.6779661016949152,6,3,0.3793103448275862,3
b14f05c2-5de3-4320-a400-23a15b2b39f2,True,2026-02-24 03:40:31.750000+00:00,2026-03-02 13:07:48.313000+00:00,14,5,6.393941701388888,1.0323133912037037,2.8,0.017110960648148148,14,6,8,0.42857142857142855,0.75,14,38.0,40.0,2.7142857142857144,2.857142857142857,0.95,2,4,0.0,2
b15776f5-e365-4912-96c6-8727ca6f419d,True,2025-03-04 23:31:40.255000+00:00,2026-02-28 17:40:09.397000+00:00,546,139,360.75589284722224,2.843180474537037,3.9280575539568345,0.03311569444444444,546,282,264,0.5164835164835165,1.0681818181818181,546,2426.0,2198.0,4.443223443223443,4.0256410256410255,1.1037306642402185,7,7,0.8772893772893773,3
b16f2ca2-4a3a-45c6-84a6-d8987829b929,True,2026-01-25 01:44:58.895000+00:00,2026-02-27 22:29:49.268000+00:00,46,8,33.864471909722226,3.6420245601851855,5.75,0.023708333333333335,46,30,16,0.6521739130434783,1.875,46,291.0,187.0,6.326086956521739,4.065217391304348,1.5561497326203209,6,3,0.9565217391304348,2
b1951409-f716-4a76-a0e2-0f373bb4b3e0,True,2025-12-19 00:31:04.880000+00:00,2026-01-19 21:06:06.372000+00:00,12,6,31.85765615740741,42.70015993055556,2.0,0.1322053935185185,12,1,11,0.08333333333333333,0.09090909090909091,12,2.0,24.0,0.16666666666666666,2.0,0.08333333333333333,1,8,0.0,1
b1f93ef1-6afb-4e53-8532-51b8f1338135,False,2025-06-15 03:52:26.327000+00:00,2025-07-07 00:52:34.801000+00:00,2,2,21.875098078703704,239.54288644675924,1.0,21.875098078703704,2,2,0,1.0,,2,4.0,2.0,2.0,1.0,2.0,2,0,0.0,1
b1ffcee8-df6b-4f9f-a6b2-0a825995117d,False,2025-03-06 05:28:09.820000+00:00,2025-10-04 04:47:51.071000+00:00,2,2,211.9720052199074,150.37950369212965,1.0,211.9720052199074,2,1,1,0.5,1.0,2,3.0,6.0,1.5,3.0,0.5,1,1,0.0,1
b207d81a-2b5c-4c50-96d5-8cf5f6efb7a4,False,2025-06-15 03:57:27.356000+00:00,2025-06-15 04:09:05.067000+00:00,2,1,0.008075358796296296,261.4064250347222,2.0,0.008075358796296296,2,1,1,0.5,1.0,2,2.0,5.0,1.0,2.5,0.4,1,1,0.0,1
b2aad34f-e860-4d3b-96b1-360a4af48d74,False,2025-03-12 18:10:44.360000+00:00,2026-01-24 14:59:08.231000+00:00,38,14,317.86694295138886,37.95499952546296,2.7142857142857144,0.025836967592592592,38,17,21,0.4473684210526316,0.8095238095238095,38,119.0,144.0,3.1315789473684212,3.789473684210526,0.8263888888888888,3,5,0.10526315789473684,3
b3478aa4-1560-488e-8615-494bbf25d0d0,True,2025-03-04 18:30:45.981000+00:00,2026-02-28 19:09:03.475000+00:00,61,24,361.0265913657407,2.781443460648148,2.5416666666666665,0.06328880787037036,61,31,30,0.5081967213114754,1.0333333333333334,61,205.0,237.0,3.360655737704918,3.8852459016393444,0.8649789029535865,8,5,0.7049180327868853,3
b3dbf1c0-3658-45e6-ae78-4fb633c60ca9,False,2026-01-08 17:27:53.261000+00:00,2026-01-08 18:09:17.705000+00:00,4,1,0.02875513888888889,53.82294542824074,4.0,0.009812094907407407,4,2,2,0.5,1.0,4,12.0,8.0,3.0,2.0,1.5,2,1,0.0,2
b4378e85-73e3-41a2-8a02-2c2d7bb3470e,True,2025-03-04 16:14:30.979000+00:00,2026-02-21 13:45:17.877000+00:00,456,101,353.89637613425924,10.006276770833333,4.514851485148514,0.026078900462962965,456,229,227,0.5021929824561403,1.0088105726872247,456,896.0,1862.0,1.9649122807017543,4.083333333333333,0.48120300751879697,10,7,0.9100877192982456,3
b4a1d7ae-78a6-481c-b11b-16150e6774f5,True,2025-08-29 22:21:18.045000+00:00,2025-11-23 18:04:10.087000+00:00,32,13,85.8214356712963,99.82650582175926,2.4615384615384617,0.018189224537037037,32,18,14,0.5625,1.2857142857142858,32,116.0,63.0,3.625,1.96875,1.8412698412698412,5,4,0.0,1
b51843ee-5e29-4431-b03b-363f9fd68dc6,True,2025-03-05 00:34:43.572000+00:00,2026-02-24 05:40:04.365000+00:00,92,29,356.2120462152778,7.343238715277777,3.1724137931034484,0.025182037037037037,92,48,44,0.5217391304347826,1.0909090909090908,92,365.0,386.0,3.967391304347826,4.195652173913044,0.9455958549222798,6,4,0.9130434782608695,3
b572f83c-8954-46e1-9f78-1d93f10b8ea6,False,2025-09-05 20:07:10.749000+00:00,2025-09-12 03:45:17.234000+00:00,4,2,6.318130613425926,172.42295087962964,2.0,0.011866701388888888,4,2,2,0.5,1.0,4,3.0,9.0,0.75,2.25,0.3333333333333333,2,2,0.0,1
b583b7be-a798-488c-a25a-e74ca1f41b6b,False,2025-06-12 17:33:42.652000+00:00,2025-06-12 17:33:42.652000+00:00,1,1,0.0,263.8476566898148,1.0,,1,1,0,1.0,,1,3.0,4.0,3.0,4.0,0.75,1,0,0.0,1
b5efc368-a7f0-4c9c-8cb0-229d30b8a9b2,False,2025-03-28 15:13:02.675000+00:00,2025-03-28 15:13:02.675000+00:00,1,1,0.0,339.9453416087963,1.0,,1,0,1,0.0,0.0,1,0.0,1.0,0.0,1.0,0.0,0,1,0.0,1
b5fb6b4a-8358-426d-900c-acf084904133,False,2026-01-11 00:20:53.333000+00:00,2026-01-11 00:20:53.333000+00:00,1,1,0.0,51.56489417824074,1.0,,1,0,1,0.0,0.0,1,0.0,3.0,0.0,3.0,0.0,0,1,0.0,1
b6646f1c-f6b6-4192-9337-df3d43da340b,False,2025-04-15 07:47:23.817000+00:00,2025-04-15 08:11:03.815000+00:00,2,1,0.016435162037037036,322.23838396990743,2.0,0.016435162037037036,2,2,0,1.0,,2,11.0,5.0,5.5,2.5,2.2,2,0,0.0,1
b685c2ee-991a-4126-812e-de7888cfcc55,False,2025-05-12 01:09:17.260000+00:00,2026-01-26 00:02:17.352000+00:00,49,24,258.953473287037,36.577810625,2.0416666666666665,0.02687119212962963,49,28,21,0.5714285714285714,1.3333333333333333,49,216.0,212.0,4.408163265306122,4.326530612244898,1.0188679245283019,4,4,0.7959183673469388,3
b6e83b9c-0a7a-4a20-b2c6-ba99e0e80a5f,False,2025-11-22 03:27:28.001000+00:00,2025-11-23 18:56:51.100000+00:00,7,2,1.6454062384259258,99.78992002314814,3.5,0.011543020833333334,7,4,3,0.5714285714285714,1.3333333333333333,7,25.0,15.0,3.5714285714285716,2.142857142857143,1.6666666666666667,3,1,0.0,1
b7148da1-7690-44d7-ae69-e96909d30e47,False,2025-07-03 04:11:52.162000+00:00,2025-07-03 04:11:52.162000+00:00,1,1,0.0,243.40449106481483,1.0,,1,0,1,0.0,0.0,1,0.0,1.0,0.0,1.0,0.0,0,1,0.0,1
b73935ac-85a2-4672-a13c-106bd9f8b75c,False,2025-03-20 19:20:44.032000+00:00,2026-01-11 16:46:53.041000+00:00,468,98,296.8931598263889,50.880175335648154,4.775510204081633,0.021633993055555554,467,238,229,0.5096359743040685,1.039301310043668,468,2455.0,1824.0,5.245726495726496,3.8974358974358974,1.3459429824561404,11,7,0.6901709401709402,3
b739caeb-d1a8-4d4e-9ec3-5b21037553f6,True,2025-03-27 17:28:57.453000+00:00,2025-04-26 22:07:49.831000+00:00,9,3,30.193661782407407,310.65729582175925,3.0,0.014139409722222222,9,6,3,0.6666666666666666,2.0,9,25.0,28.0,2.7777777777777777,3.111111111111111,0.8928571428571429,3,1,0.2222222222222222,2
b7cd8cc5-ef51-47a1-8ffc-1b4111653ad5,False,2025-05-05 18:33:06.746000+00:00,2025-07-09 16:04:40.758000+00:00,24,10,64.89692143518519,236.90948416666666,2.4,0.041985613425925924,24,13,11,0.5416666666666666,1.1818181818181819,24,85.0,114.0,3.5416666666666665,4.75,0.7456140350877193,4,3,1.0,1
b8070f1d-50cb-410c-96be-3ab507864f0f,False,2025-08-13 17:35:37.814000+00:00,2025-10-23 17:39:59.138000+00:00,14,6,71.00302458333333,130.84329921296296,2.3333333333333335,0.04350866898148148,14,5,9,0.35714285714285715,0.5555555555555556,14,16.0,31.0,1.1428571428571428,2.2142857142857144,0.5161290322580645,5,6,0.0,1
b8768240-4cd2-4b93-be35-36b82c0c4c07,False,2025-03-08 00:19:02.047000+00:00,2026-02-13 21:27:32.021000+00:00,151,34,342.8809024768519,17.685279733796296,4.4411764705882355,0.018854346064814814,151,68,83,0.4503311258278146,0.8192771084337349,151,627.0,652.0,4.152317880794702,4.317880794701987,0.9616564417177914,6,8,0.0728476821192053,3
b87f8894-1ec8-4ccf-bd44-de2dee9a3c89,True,2025-03-05 04:58:40.547000+00:00,2026-03-03 05:47:37.964000+00:00,82,35,363.03399788194446,0.33798872685185183,2.342857142857143,0.04986197916666667,82,41,41,0.5,1.0,82,302.0,334.0,3.682926829268293,4.073170731707317,0.9041916167664671,5,7,0.6707317073170732,3
b8d98cab-8ffc-4095-b9be-3cd294d42c4c,False,2025-12-02 17:04:42.187000+00:00,2025-12-02 21:49:50.618000+00:00,6,1,0.1980142476851852,90.66978671296296,6.0,0.002171898148148148,4,2,2,0.5,1.0,6,24.0,5.0,4.0,0.8333333333333334,4.8,2,2,0.0,2
b8da847a-e17d-433d-8712-fc039e30f6fc,True,2025-05-03 19:11:34.496000+00:00,2026-03-02 19:17:15.019000+00:00,103,47,303.0039412384259,0.7757542939814815,2.1914893617021276,0.13082589699074074,103,53,50,0.5145631067961165,1.06,102,619.0,391.0,6.068627450980392,3.8333333333333335,1.5831202046035806,6,12,0.941747572815534,3
b9684547-8309-4ed7-8386-cdb6fcb26c38,False,2025-03-27 16:50:07.227000+00:00,2026-02-16 01:29:15.953000+00:00,7,3,325.360517662037,15.517410150462963,2.3333333333333335,0.015747685185185184,7,3,4,0.42857142857142855,0.75,7,33.0,21.0,4.714285714285714,3.0,1.5714285714285714,2,3,0.42857142857142855,2
ba0c7a74-6c3f-4805-ae5f-c37c26774441,False,2025-03-22 10:21:03.800000+00:00,2025-08-03 23:30:44.481000+00:00,149,41,134.54838751157408,211.59971885416667,3.6341463414634148,0.048344704861111115,149,77,72,0.5167785234899329,1.0694444444444444,149,669.0,507.0,4.489932885906041,3.402684563758389,1.319526627218935,6,7,0.6912751677852349,3
ba1a8a43-3015-4c09-9f1f-1df7caf8854e,True,2026-02-15 16:13:37.885000+00:00,2026-03-01 06:28:50.721000+00:00,17,5,13.593898564814813,2.309368854166667,3.4,0.02155920138888889,17,7,10,0.4117647058823529,0.7,17,47.0,49.0,2.764705882352941,2.8823529411764706,0.9591836734693877,2,5,0.7647058823529411,3
ba48af41-ca53-42ca-8146-e87f1eabc744,False,2025-12-24 11:03:51.556000+00:00,2025-12-24 11:03:51.556000+00:00,1,1,0.0,69.11838696759258,1.0,,1,0,1,0.0,0.0,1,0.0,1.0,0.0,1.0,0.0,0,1,0.0,1
bad6195d-f3af-4a9b-a875-51c8b5071812,False,2026-01-29 20:34:02.631000+00:00,2026-01-30 20:12:06.439000+00:00,7,2,0.9847662962962963,31.737659155092594,3.5,0.011051475694444444,7,7,0,1.0,,7,6.0,21.0,0.8571428571428571,3.0,0.2857142857142857,7,0,0.0,1
bae54ae9-de4d-48d7-81f3-511a4e972d5e,False,2025-09-14 08:58:40.670000+00:00,2025-09-14 08:58:40.670000+00:00,1,1,0.0,170.2053185185185,1.0,,1,1,0,1.0,,1,1.0,2.0,1.0,2.0,0.5,1,0,0.0,1
bb0355ca-dc40-4cdb-9aed-d31cd68ab5f9,False,2025-11-25 23:12:37.309000+00:00,2025-11-25 23:12:37.309000+00:00,1,1,0.0,97.61230186342591,1.0,,1,1,0,1.0,,1,0.0,1.0,0.0,1.0,0.0,1,0,0.0,1
bb1dd121-1d2c-422e-9694-0c93d4cd9d24,False,2025-10-09 22:49:47.791000+00:00,2025-10-09 22:49:47.791000+00:00,1,1,0.0,144.6281527662037,1.0,,1,1,0,1.0,,1,1.0,2.0,1.0,2.0,0.5,1,0,0.0,1
bb91f3a2-8ef2-4a4a-8dbd-35686a637450,True,2026-02-19 01:22:46.576000+00:00,2026-03-01 06:59:16.935000+00:00,23,5,10.233684710648149,2.288232118055556,4.6,0.012803489583333333,23,15,8,0.6521739130434783,1.875,23,39.0,63.0,1.6956521739130435,2.739130434782609,0.6190476190476191,8,2,0.0,2
bb9b8e7c-7a12-47e0-953f-9fcb16f9620f,False,2026-02-01 14:29:08.755000+00:00,2026-02-01 21:48:57.340000+00:00,12,1,0.3054234375,29.670403356481483,12.0,0.01647309027777778,12,9,3,0.75,3.0,12,33.0,26.0,2.75,2.1666666666666665,1.2692307692307692,4,2,0.0,1
bbc73db3-bc9b-439e-b282-629986e48db6,True,2025-06-15 14:56:39.711000+00:00,2025-06-16 16:49:11.153000+00:00,3,2,1.0781416898148148,259.8785768171296,1.5,0.5390708449074074,3,2,1,0.6666666666666666,2.0,3,12.0,9.0,4.0,3.0,1.3333333333333333,2,1,0.0,1
bcd08e8a-a0a0-403e-88b7-4f752d6793a7,True,2025-04-18 20:01:03.370000+00:00,2025-04-18 20:01:03.370000+00:00,1,1,0.0,318.7453335648148,1.0,,1,0,1,0.0,0.0,1,3.0,4.0,3.0,4.0,0.75,0,1,1.0,1
bced7c6c-2bb5-41dd-821f-808f823389ff,False,2026-02-09 19:27:47.169000+00:00,2026-02-09 19:27:47.169000+00:00,1,1,0.0,21.768437743055554,1.0,,1,0,1,0.0,0.0,1,2.0,3.0,2.0,3.0,0.6666666666666666,0,1,0.0,1
bd5cae07-a270-4ef6-9965-d465190b0f80,False,2025-03-07 14:13:18.051000+00:00,2025-07-13 12:23:55.919000+00:00,10,5,127.92404939814816,233.06278091435186,2.0,0.01780353009259259,10,7,3,0.7,2.3333333333333335,10,18.0,29.0,1.8,2.9,0.6206896551724138,4,2,0.0,2
bd8bf80d-fc72-41ce-be6b-19bb7652fe2f,False,2025-03-16 06:25:18.308000+00:00,2025-03-17 06:30:22.062000+00:00,4,2,1.0035156712962963,351.30831166666667,2.0,0.2258777199074074,4,0,4,0.0,0.0,4,8.0,19.0,2.0,4.75,0.42105263157894735,0,4,0.0,1
bda32e9b-6eb6-42aa-a233-696ac3d77365,True,2025-03-15 20:59:57.476000+00:00,2025-10-12 18:34:10.857000+00:00,24,12,210.8987659837963,141.8056635763889,2.0,0.02269696759259259,24,13,11,0.5416666666666666,1.1818181818181819,24,32.0,105.0,1.3333333333333333,4.375,0.3047619047619048,4,4,0.0,2
bdac4944-e5e0-4d84-8cd8-55a5197e9de3,True,2025-07-04 05:15:58.980000+00:00,2026-03-02 04:42:12.729000+00:00,76,13,240.97654802083335,1.3834196875,5.846153846153846,0.01610994212962963,76,36,40,0.47368421052631576,0.9,76,322.0,267.0,4.2368421052631575,3.513157894736842,1.205992509363296,6,9,0.0,2
be64d0c1-8c38-4715-ac8c-d8f117e9c5e5,False,2025-03-16 21:57:29.811000+00:00,2025-09-06 23:03:18.455000+00:00,29,8,174.04570189814814,177.6187700810185,3.625,0.019388744212962963,29,15,14,0.5172413793103449,1.0714285714285714,29,129.0,121.0,4.448275862068965,4.172413793103448,1.0661157024793388,5,5,0.6551724137931034,3
be7ee8a1-9f69-4547-95b6-065088403883,False,2025-03-19 18:36:00.320000+00:00,2025-03-26 03:48:28.916000+00:00,7,3,6.3836643055555555,342.420732337963,2.3333333333333335,0.032540983796296295,7,1,6,0.14285714285714285,0.16666666666666666,7,11.0,33.0,1.5714285714285714,4.714285714285714,0.3333333333333333,1,3,1.0,1
be8956be-29cd-4867-abe2-a8b09d5897c4,True,2026-03-01 19:11:19.875000+00:00,2026-03-01 19:11:19.875000+00:00,1,1,0.0,1.7798647569444446,1.0,,1,0,1,0.0,0.0,1,1.0,3.0,1.0,3.0,0.3333333333333333,0,1,0.0,1
be9e933b-195f-42c1-8b73-7d61d275d5a1,False,2025-03-22 06:32:50.210000+00:00,2025-03-22 06:32:50.210000+00:00,1,1,0.0,346.30659699074073,1.0,,1,0,1,0.0,0.0,1,1.0,2.0,1.0,2.0,0.5,0,1,0.0,1
bead2fb7-9882-45bd-a864-c05dbf5105f5,False,2025-07-13 05:42:26.611000+00:00,2025-07-13 05:59:04.559000+00:00,2,1,0.011550324074074074,233.33004202546297,2.0,0.011550324074074074,2,0,2,0.0,0.0,2,0.0,7.0,0.0,3.5,0.0,0,2,0.0,1
beb03534-276c-47b0-938a-c38169e6eb3d,False,2025-03-19 22:33:03.375000+00:00,2025-09-23 03:49:26.623000+00:00,7,6,187.21971351851852,161.42006443287036,1.1666666666666667,13.557398616898148,7,4,3,0.5714285714285714,1.3333333333333333,7,17.0,21.0,2.4285714285714284,3.0,0.8095238095238095,2,1,0.0,2
bf236e2d-485e-4f7d-845b-a6f9dd042a27,False,2025-09-30 04:33:36.305000+00:00,2025-10-03 18:53:47.396000+00:00,6,2,3.597350590277778,150.79204622685185,3.0,0.016088287037037036,6,4,2,0.6666666666666666,2.0,6,27.0,11.0,4.5,1.8333333333333333,2.4545454545454546,4,2,0.0,1
bf7391e8-5282-454d-9982-0e9c81fef599,False,2025-03-21 23:15:33.117000+00:00,2026-01-31 05:11:41.235000+00:00,259,68,315.2473161805556,31.362950868055556,3.8088235294117645,0.02306237847222222,259,147,112,0.5675675675675675,1.3125,259,1412.0,1001.0,5.4517374517374515,3.864864864864865,1.4105894105894106,10,8,0.416988416988417,3
bfdfa53e-a13d-4f44-ba65-b97547897643,False,2025-03-09 06:23:15.057000+00:00,2025-09-02 00:51:38.998000+00:00,103,30,176.76972153935185,182.54353231481483,3.433333333333333,0.022307349537037037,103,55,48,0.5339805825242718,1.1458333333333333,103,493.0,461.0,4.786407766990291,4.475728155339806,1.06941431670282,7,5,0.970873786407767,2
bffd787a-f571-4655-98dd-799c37f2fe4e,True,2025-06-13 05:08:21.963000+00:00,2026-01-17 23:43:16.421000+00:00,12,6,218.77424141203704,44.5910158449074,2.0,0.14610108796296295,12,5,7,0.4166666666666667,0.7142857142857143,12,28.0,24.0,2.3333333333333335,2.0,1.1666666666666667,3,4,0.0,1
c11df690-2c61-4892-a338-fd27d807c0c2,True,2025-05-21 02:30:04.292000+00:00,2026-02-03 22:38:58.909000+00:00,35,10,258.83952103009256,27.635662974537038,3.5,0.020229733796296296,35,13,22,0.37142857142857144,0.5909090909090909,35,104.0,127.0,2.9714285714285715,3.6285714285714286,0.8188976377952756,4,8,0.4857142857142857,3
c13c82ad-3881-4ec5-aa56-2663df246394,False,2025-07-10 16:09:46.339000+00:00,2025-07-12 13:27:32.894000+00:00,7,3,1.887344386574074,234.01860296296297,2.3333333333333335,0.20809186921296297,7,3,4,0.42857142857142855,0.75,7,11.0,20.0,1.5714285714285714,2.857142857142857,0.55,3,3,0.0,1
c2b3182f-0c55-48e5-b1e5-cb6067ebd0ab,True,2025-03-17 03:04:41.151000+00:00,2026-03-02 01:52:01.220000+00:00,252,32,349.94953783564813,1.501608449074074,7.875,0.0196003125,252,130,122,0.5158730158730159,1.0655737704918034,252,1055.0,989.0,4.186507936507937,3.9246031746031744,1.0667340748230536,6,7,0.4365079365079365,3
c2c4a5a0-a095-4f98-adba-f47b7ca4606c,True,2025-11-13 10:52:16.683000+00:00,2026-02-15 16:32:25.174000+00:00,79,14,94.23620938657407,15.890220092592592,5.642857142857143,0.019654733796296297,79,36,43,0.45569620253164556,0.8372093023255814,79,107.0,200.0,1.3544303797468353,2.5316455696202533,0.535,6,7,0.0,2
c33dcc01-3037-4761-a7aa-2a2e5e5271eb,False,2025-06-17 07:33:52.060000+00:00,2025-06-24 23:18:50.825000+00:00,23,5,7.656235706018519,251.60797876157406,4.6,0.01385435763888889,23,14,9,0.6086956521739131,1.5555555555555556,23,48.0,69.0,2.0869565217391304,3.0,0.6956521739130435,5,2,0.0,1
c39c9858-621f-4e98-bab7-76d3c2a2e3b6,True,2025-06-19 21:53:45.388000+00:00,2025-11-04 21:31:21.898000+00:00,71,15,137.9844503472222,118.68261912037036,4.733333333333333,0.022460439814814815,71,17,54,0.23943661971830985,0.3148148148148148,71,115.0,125.0,1.619718309859155,1.7605633802816902,0.92,2,8,0.0,1
c46fa70f-547e-45e2-9a30-5ca0893d7e5a,True,2025-12-24 03:46:05.302000+00:00,2025-12-30 03:54:49.833000+00:00,12,4,6.006070960648148,63.41632357638889,3.0,0.019967708333333334,12,7,5,0.5833333333333334,1.4,12,32.0,34.0,2.6666666666666665,2.8333333333333335,0.9411764705882353,3,2,0.0,1
c47872aa-8638-4d1b-9b1e-57a3d0912aae,True,2026-02-28 11:20:21.815000+00:00,2026-03-01 10:41:32.975000+00:00,10,2,0.9730458333333334,2.133879803240741,5.0,0.02168972222222222,10,5,5,0.5,1.0,10,34.0,25.0,3.4,2.5,1.36,5,5,0.1,3
c47ba824-40e2-4281-9015-56fe72e0c314,False,2025-08-05 06:59:23.835000+00:00,2025-10-17 06:31:26.759000+00:00,35,19,72.98058939814814,137.3075628587963,1.8421052631578947,0.46724649305555555,35,20,15,0.5714285714285714,1.3333333333333333,35,89.0,76.0,2.5428571428571427,2.1714285714285713,1.1710526315789473,6,3,0.05714285714285714,3
c4d85fe4-c8f9-4cde-b2e1-aa55c235799d,True,2025-03-05 18:55:00.812000+00:00,2026-01-14 17:23:07.901000+00:00,74,36,314.9361931597222,47.85500334490741,2.0555555555555554,0.2588754861111111,74,42,32,0.5675675675675675,1.3125,74,228.0,284.0,3.081081081081081,3.8378378378378377,0.8028169014084507,5,4,0.2702702702702703,3
c55b16f4-7764-40b7-8c57-59719eedc004,False,2025-03-04 21:43:44.719000+00:00,2025-03-11 04:20:48.867000+00:00,7,2,6.275742453703704,357.3982792013889,3.5,0.018825266203703707,7,6,1,0.8571428571428571,6.0,7,36.0,21.0,5.142857142857143,3.0,1.7142857142857142,4,1,0.0,1
c5c4716b-ff75-4552-b15e-db6852b9a52c,False,2025-05-14 03:07:17.605000+00:00,2025-05-14 03:20:22.312000+00:00,2,1,0.009082256944444445,293.44025321759256,2.0,0.009082256944444445,2,1,1,0.5,1.0,2,2.0,6.0,1.0,3.0,0.3333333333333333,1,1,0.0,1
c5ca34fa-13ab-4c0a-b943-6e50bed59d3d,True,2025-05-08 03:24:18.840000+00:00,2025-05-08 03:24:18.840000+00:00,1,1,0.0,299.437515625,1.0,,1,0,1,0.0,0.0,1,2.0,4.0,2.0,4.0,0.5,0,1,0.0,1
c5dd9b9f-3978-4fd9-b6d6-d087544925f5,True,2025-04-03 20:04:34.366000+00:00,2025-12-08 13:28:56.741000+00:00,53,23,248.7252589699074,85.01763251157408,2.3043478260869565,0.17113101273148149,53,30,23,0.5660377358490566,1.3043478260869565,53,260.0,227.0,4.90566037735849,4.283018867924528,1.145374449339207,5,4,0.9622641509433962,2
c6345a4a-7481-4633-8c20-b3e375a16d98,False,2025-03-14 13:56:44.114000+00:00,2025-12-03 19:25:25.001000+00:00,46,12,264.22825100694445,89.77008320601853,3.8333333333333335,0.016148819444444445,46,26,20,0.5652173913043478,1.3,46,194.0,164.0,4.217391304347826,3.5652173913043477,1.1829268292682926,6,4,0.3695652173913043,3
c67cc386-74cc-40e8-9355-8f53ec17b8d9,False,2025-05-16 01:02:41.426000+00:00,2025-05-20 16:44:48.234000+00:00,4,2,4.6542454629629635,286.8816198611111,2.0,0.6796152199074074,4,1,3,0.25,0.3333333333333333,4,21.0,18.0,5.25,4.5,1.1666666666666667,1,3,0.0,1
c6abce57-a972-4696-b5c8-832380520e5c,False,2025-06-13 19:11:16.320000+00:00,2026-03-01 06:05:05.458000+00:00,73,22,260.45404094907406,2.3258649537037037,3.3181818181818183,0.02135480324074074,73,36,37,0.4931506849315068,0.972972972972973,73,263.0,138.0,3.6027397260273974,1.8904109589041096,1.9057971014492754,8,9,0.0,2
c76ebcdc-e575-447d-bcce-db75298a58f9,True,2025-03-05 18:51:57.288000+00:00,2026-02-16 22:28:22.648000+00:00,79,24,348.15029351851854,14.64302710648148,3.2916666666666665,0.01919706018518518,79,48,31,0.6075949367088608,1.5483870967741935,79,294.0,327.0,3.721518987341772,4.139240506329114,0.8990825688073395,8,7,0.759493670886076,3
c782a334-47e0-4ff4-86d9-e980c72882da,False,2025-03-04 20:24:21.271000+00:00,2025-03-04 20:24:21.271000+00:00,1,1,0.0,363.7291541550926,1.0,,1,0,1,0.0,0.0,1,1.0,4.0,1.0,4.0,0.25,0,1,0.0,1
c7bcf075-ca94-4671-b17d-a39ebf996a60,False,2026-01-10 11:16:10.630000+00:00,2026-01-10 11:16:10.630000+00:00,1,1,0.0,52.10983287037037,1.0,,1,1,0,1.0,,1,1.0,1.0,1.0,1.0,1.0,1,0,0.0,1
c7c1cb0f-9264-4d1b-8823-9357d5ed041d,True,2026-02-19 17:06:48.627000+00:00,2026-02-24 18:12:30.339000+00:00,26,6,5.0456216666666664,6.820715868055556,4.333333333333333,0.03248668981481481,26,13,13,0.5,1.0,26,93.0,106.0,3.576923076923077,4.076923076923077,0.8773584905660378,4,3,0.6538461538461539,3
c85017ea-00cc-4636-8fc0-1fced297132a,False,2025-09-04 00:19:10.908000+00:00,2025-10-28 22:55:03.420000+00:00,17,5,54.94158,125.62449965277777,3.4,0.01403558449074074,17,8,9,0.47058823529411764,0.8888888888888888,17,22.0,42.0,1.2941176470588236,2.4705882352941178,0.5238095238095238,3,4,0.0,1
c8822f52-f0cb-4fce-a7a2-999b163c9309,False,2026-01-25 23:05:07.738000+00:00,2026-03-01 03:25:56.198000+00:00,122,26,34.18111643518518,2.4363887962962965,4.6923076923076925,0.020915162037037038,122,70,52,0.5737704918032787,1.3461538461538463,122,580.0,428.0,4.754098360655738,3.5081967213114753,1.355140186915888,7,5,0.5819672131147541,3
c8bd08b6-fea3-49b8-b88f-153e286a2c8a,False,2025-10-19 15:38:44.826000+00:00,2025-10-19 15:38:44.826000+00:00,1,1,0.0,134.92749263888888,1.0,,1,0,1,0.0,0.0,1,4.0,2.0,4.0,2.0,2.0,0,1,0.0,1
c8e80c9b-91d9-4140-b87d-d8e317803d9c,True,2025-04-29 02:54:44.928000+00:00,2025-05-25 22:12:29.539000+00:00,208,22,26.803988553240742,281.6540584606482,9.454545454545455,0.013391018518518517,208,105,103,0.5048076923076923,1.0194174757281553,208,554.0,564.0,2.6634615384615383,2.7115384615384617,0.9822695035460993,5,6,0.1346153846153846,3
c90ac74d-f6e7-49da-aaa1-7af37e4860d6,False,2025-03-04 20:18:45.737000+00:00,2026-02-18 10:41:54.101000+00:00,66,18,350.5994023611111,13.13363528935185,3.6666666666666665,0.023389791666666666,66,38,28,0.5757575757575758,1.3571428571428572,66,341.0,282.0,5.166666666666667,4.2727272727272725,1.2092198581560283,7,5,0.9848484848484849,2
ca204245-3c7c-471f-a86c-601e8c8d2817,True,2026-01-25 20:30:00.336000+00:00,2026-01-27 02:25:10.346000+00:00,19,3,1.2466436342592593,35.478586157407406,6.333333333333333,0.011884317129629628,19,8,11,0.42105263157894735,0.7272727272727273,19,9.0,49.0,0.47368421052631576,2.5789473684210527,0.1836734693877551,2,4,0.0,1
ca489d82-e62d-41eb-b796-5dd887e32622,False,2025-03-04 19:32:16.063000+00:00,2025-10-05 16:17:50.322000+00:00,501,78,214.86497984953704,148.90034569444444,6.423076923076923,0.02166388310185185,500,252,248,0.504,1.0161290322580645,501,1884.0,2057.0,3.7604790419161676,4.105788423153693,0.9158969372873116,8,7,0.9540918163672655,3
ca4b37ed-8597-4ebb-9c37-7324561eb503,True,2025-08-20 01:55:52.477000+00:00,2026-03-01 08:21:10.182000+00:00,175,34,193.26756603009258,2.2313658333333333,5.147058823529412,0.011896938657407407,173,68,105,0.3930635838150289,0.6476190476190476,175,288.0,486.0,1.6457142857142857,2.777142857142857,0.5925925925925926,5,9,0.0,2
ca9acbdf-da22-45c0-bded-e70627818325,False,2025-06-24 03:31:38.169000+00:00,2025-07-25 23:04:05.211000+00:00,7,2,31.814201875,220.6182289236111,3.5,0.013085856481481483,7,4,3,0.5714285714285714,1.3333333333333333,7,26.0,16.0,3.7142857142857144,2.2857142857142856,1.625,2,2,0.0,1
cd3ab1d1-48c2-42a0-bbc2-bd71e94ac899,False,2025-06-12 21:25:48.594000+00:00,2025-08-17 17:33:34.572000+00:00,19,6,65.83872659722222,197.84775020833334,3.1666666666666665,0.014459531250000001,19,9,10,0.47368421052631576,0.9,19,19.0,52.0,1.0,2.736842105263158,0.36538461538461536,3,5,0.0,1
cd686606-8d90-46b2-8a3a-77241cacc914,True,2025-03-06 22:01:33.465000+00:00,2025-12-03 00:37:32.501000+00:00,86,41,271.10832217592593,90.5533297337963,2.097560975609756,0.3188901388888889,86,43,43,0.5,1.0,86,382.0,315.0,4.441860465116279,3.6627906976744184,1.2126984126984126,7,6,0.813953488372093,3
ce06ec05-5c42-44fa-b69a-79ad37ada8ad,False,2025-12-08 14:33:41.413000+00:00,2025-12-09 12:45:36.595000+00:00,4,2,0.9249442361111111,84.04772679398148,2.0,0.012963854166666667,4,2,2,0.5,1.0,3,5.0,9.0,1.6666666666666667,3.0,0.5555555555555556,2,2,0.0,1
ce07d75b-ce53-4991-82cf-9a425c3f4526,True,2025-03-14 19:59:23.363000+00:00,2026-02-22 02:35:37.673000+00:00,341,64,344.275165625,9.47132542824074,5.328125,0.020099774305555554,340,187,153,0.55,1.2222222222222223,341,1510.0,1212.0,4.428152492668621,3.5542521994134897,1.2458745874587458,7,7,0.5806451612903226,3
ce218f7d-30cf-4325-aa02-db40f248a22c,False,2025-04-04 22:19:43.910000+00:00,2026-01-14 14:38:14.601000+00:00,10,7,284.6795218865741,47.96950913194445,1.4285714285714286,1.4544464351851853,10,4,6,0.4,0.6666666666666666,10,21.0,37.0,2.1,3.7,0.5675675675675675,2,3,0.0,2
ce4cb21b-0604-4483-b22b-e7fbe1af791e,False,2025-03-10 01:56:25.725000+00:00,2025-03-10 01:56:25.725000+00:00,1,1,0.0,358.4985470486111,1.0,,1,0,1,0.0,0.0,1,0.0,4.0,0.0,4.0,0.0,0,1,0.0,1
ce69800d-938d-46e2-95d9-872cc322feab,False,2025-03-08 17:38:20.634000+00:00,2025-03-15 15:02:46.089000+00:00,2,2,6.891961284722222,352.9524780208333,1.0,6.891961284722222,2,1,1,0.5,1.0,2,3.0,9.0,1.5,4.5,0.3333333333333333,1,1,0.0,1
ceac8216-c206-4d5e-8145-3063af0e3881,False,2025-10-18 13:00:55.975000+00:00,2025-10-19 11:23:13.941000+00:00,2,2,0.9321523842592593,135.1049334375,1.0,0.9321523842592593,2,0,2,0.0,0.0,2,0.0,1.0,0.0,0.5,0.0,0,2,0.0,1
cecc0c47-1c24-4c90-ab06-043ada503033,False,2025-03-16 04:49:41.366000+00:00,2025-03-16 04:49:41.366000+00:00,1,1,0.0,352.37822712962964,1.0,,1,0,1,0.0,0.0,1,0.0,4.0,0.0,4.0,0.0,0,1,0.0,1
cecd1cef-4f29-40c6-81b2-c6186301eea3,False,2025-05-22 00:57:13.863000+00:00,2025-05-23 18:07:22.918000+00:00,16,2,1.7153825810185184,283.8242739814815,8.0,0.019259201388888886,16,8,8,0.5,1.0,16,33.0,45.0,2.0625,2.8125,0.7333333333333333,5,4,0.0,2
cef0de1e-f636-4d47-adfd-b27d107c879f,True,2025-06-30 10:52:59.175000+00:00,2026-02-27 21:03:13.531000+00:00,1147,123,242.4237772685185,3.7021604050925925,9.325203252032521,0.01197898726851852,1147,492,655,0.42894507410636445,0.751145038167939,1147,2216.0,2818.0,1.9319965126416738,2.4568439407149083,0.7863733144073811,11,15,0.0,1
cef67ff8-27e4-4284-807a-0e457b3cf786,True,2025-03-09 20:48:16.283000+00:00,2025-06-27 23:15:31.700000+00:00,7,2,110.10226177083332,248.61028344907405,3.5,0.017759068287037036,7,5,2,0.7142857142857143,2.5,7,25.0,20.0,3.5714285714285716,2.857142857142857,1.25,4,2,0.14285714285714285,3
cf030928-309c-466d-a988-5518f2582c98,True,2025-10-23 18:10:53.519000+00:00,2025-11-08 23:46:59.678000+00:00,21,5,16.233404618055555,114.58843185185185,4.2,0.01661387152777778,21,9,12,0.42857142857142855,0.75,21,67.0,53.0,3.1904761904761907,2.5238095238095237,1.2641509433962264,2,3,0.0,1
cf27aeb0-df16-4332-964f-1429f0849e5b,False,2025-07-11 22:45:19.725000+00:00,2025-08-14 19:43:49.042000+00:00,79,14,33.87395042824074,200.75730495370368,5.642857142857143,0.01503637152777778,79,41,38,0.5189873417721519,1.0789473684210527,79,277.0,274.0,3.5063291139240507,3.4683544303797467,1.010948905109489,5,4,0.0,2
cf2db0d3-ea66-4099-9ae0-0b6d7a84c9f2,False,2025-03-10 21:02:48.736000+00:00,2025-09-05 03:25:50.271000+00:00,30,9,178.26598998842593,179.43645739583334,3.3333333333333335,0.026550787037037036,30,16,14,0.5333333333333333,1.1428571428571428,30,59.0,61.0,1.9666666666666666,2.033333333333333,0.9672131147540983,5,5,0.0,2
d08f6719-7899-49f4-8c61-81fd2b81a26d,True,2025-04-25 05:19:42.250000+00:00,2026-02-21 21:55:23.969000+00:00,24,13,302.69145508101855,9.665928483796296,1.8461538461538463,5.13083,24,12,12,0.5,1.0,24,95.0,84.0,3.9583333333333335,3.5,1.130952380952381,3,3,1.0,1
d09dc6e7-5e7d-4b8a-ac20-6b5a3d856407,True,2025-03-24 21:14:11.819000+00:00,2025-12-11 22:08:13.830000+00:00,110,41,262.03752327546295,81.65701805555555,2.682926829268293,0.027631782407407407,110,39,71,0.35454545454545455,0.5492957746478874,107,313.0,443.0,2.925233644859813,4.140186915887851,0.7065462753950339,6,11,0.5909090909090909,3
d11e8f64-8e1b-4636-8a6a-a8d23114823b,False,2025-03-04 23:39:24.594000+00:00,2025-04-17 21:42:57.041000+00:00,9,7,43.91912554398149,319.6745734837963,1.2857142857142858,2.9937668229166663,9,2,7,0.2222222222222222,0.2857142857142857,9,25.0,26.0,2.7777777777777777,2.888888888888889,0.9615384615384616,1,4,0.0,1
d1aff22e-11e2-40ac-ae87-c1b88044888c,False,2025-12-26 13:36:01.618000+00:00,2025-12-31 22:04:36.695000+00:00,4,2,5.353183761574074,61.659531192129634,2.0,0.010179768518518519,4,0,4,0.0,0.0,4,7.0,10.0,1.75,2.5,0.7,0,4,0.0,1
d1c15d13-1ee9-45f9-9b52-3135eb376b36,False,2025-03-22 08:16:57.030000+00:00,2025-03-22 08:16:57.030000+00:00,1,1,0.0,346.23429583333336,1.0,,1,0,1,0.0,0.0,1,1.0,4.0,1.0,4.0,0.25,0,1,0.0,1
d1fab6bb-5f68-4a60-b194-bdc2732a4f1f,True,2026-01-11 18:11:44.725000+00:00,2026-01-11 18:11:44.725000+00:00,1,1,0.0,50.82124380787037,1.0,,1,0,1,0.0,0.0,1,0.0,2.0,0.0,2.0,0.0,0,1,0.0,1
d25d53c8-bace-43d0-ae11-70863fb12d7f,True,2025-05-30 07:07:30.399000+00:00,2026-01-27 16:52:19.650000+00:00,194,29,242.40612559027775,34.87639513888889,6.689655172413793,0.01908917824074074,194,70,124,0.36082474226804123,0.5645161290322581,194,562.0,728.0,2.8969072164948453,3.752577319587629,0.771978021978022,4,7,0.13402061855670103,3
d2ca733b-dbcd-4b57-8085-b163c6c17dc0,True,2025-07-30 15:11:05.704000+00:00,2026-03-01 17:08:16.387000+00:00,303,67,214.0813736458333,1.8653217939814817,4.522388059701493,0.01748060763888889,303,129,174,0.42574257425742573,0.7413793103448276,303,481.0,1051.0,1.5874587458745875,3.4686468646864688,0.4576593720266413,4,8,0.019801980198019802,3
d374a49c-6c76-4504-b3f3-d48721e3d59a,False,2025-03-07 02:24:33.827000+00:00,2025-03-07 03:13:24.880000+00:00,3,1,0.033924224537037036,361.4450846064815,3.0,0.016962112268518518,3,2,1,0.6666666666666666,2.0,3,10.0,14.0,3.3333333333333335,4.666666666666667,0.7142857142857143,2,1,0.0,1
d38473cd-2ad2-4e42-b797-cf54553d8323,False,2025-03-04 17:34:18.237000+00:00,2025-10-01 17:17:47.232000+00:00,38,11,210.98853003472223,152.85871479166667,3.4545454545454546,0.018156469907407408,38,20,18,0.5263157894736842,1.1111111111111112,38,116.0,135.0,3.0526315789473686,3.5526315789473686,0.8592592592592593,4,4,0.5263157894736842,3
d38cc52e-6607-4737-a18a-1fdb6a09ee96,True,2025-08-27 08:32:27.164000+00:00,2026-02-28 11:17:05.099000+00:00,133,21,185.1143279513889,3.1092024421296296,6.333333333333333,0.025238640046296293,133,76,57,0.5714285714285714,1.3333333333333333,133,748.0,524.0,5.62406015037594,3.9398496240601504,1.4274809160305344,8,6,0.8872180451127819,3
d3de25be-680d-42aa-96d8-1ee5af0ae3d4,False,2026-02-04 01:12:24.701000+00:00,2026-02-04 01:12:24.701000+00:00,1,1,0.0,27.52911445601852,1.0,,1,0,1,0.0,0.0,1,2.0,3.0,2.0,3.0,0.6666666666666666,0,1,0.0,1
d4326568-d509-43e8-813a-6312fb16fba7,False,2025-04-22 04:45:53.739000+00:00,2025-04-24 03:21:02.143000+00:00,13,3,1.9410694907407409,313.43979221064814,4.333333333333333,0.020687378472222222,13,10,3,0.7692307692307693,3.3333333333333335,13,56.0,54.0,4.3076923076923075,4.153846153846154,1.037037037037037,6,1,0.0,1
d45492d8-ca1b-4e4a-9ed4-6e528d70bed6,False,2025-06-17 04:14:03.413000+00:00,2025-08-10 03:54:31.789000+00:00,2,2,53.986439537037036,205.4165324189815,1.0,53.986439537037036,2,0,2,0.0,0.0,2,0.0,6.0,0.0,3.0,0.0,0,2,0.0,1
d569b83e-93d5-431d-afb4-009806773b8d,True,2025-07-22 11:17:22.340000+00:00,2026-02-28 17:18:21.647000+00:00,354,51,221.2506864236111,2.8583164699074075,6.9411764705882355,0.015399282407407408,354,151,203,0.4265536723163842,0.7438423645320197,354,613.0,1009.0,1.731638418079096,2.8502824858757063,0.6075322101090188,12,11,0.0,2
d5a75be1-3d06-43db-b0ff-768a0b15cd6b,False,2025-07-15 01:23:06.036000+00:00,2025-07-24 21:18:59.246000+00:00,32,3,9.830476967592592,221.6912146296296,10.666666666666666,0.012265833333333333,32,14,18,0.4375,0.7777777777777778,32,73.0,92.0,2.28125,2.875,0.7934782608695652,6,5,0.0,1
d5b552b6-7a7d-4683-8e7c-e33bf99b8aae,False,2026-02-03 17:53:08.585000+00:00,2026-02-03 17:53:08.585000+00:00,1,1,0.0,27.834162094907406,1.0,,1,0,1,0.0,0.0,1,0.0,4.0,0.0,4.0,0.0,0,1,0.0,1
d6176793-44bc-485d-9301-b1bf9e39cc81,False,2025-06-15 14:53:31.353000+00:00,2025-06-15 15:04:09.423000+00:00,2,1,0.007385069444444445,260.9515135069445,2.0,0.007385069444444445,2,0,2,0.0,0.0,2,8.0,4.0,4.0,2.0,2.0,0,2,0.0,1
d61f0669-ff1f-45e0-b7e5-36de3b8c9a48,True,2025-03-24 04:48:33.837000+00:00,2025-10-27 02:03:04.385000+00:00,14,7,216.88507578703704,127.49393292824074,2.0,0.4095054050925926,14,3,11,0.21428571428571427,0.2727272727272727,14,30.0,37.0,2.142857142857143,2.642857142857143,0.8108108108108109,1,5,0.0,1
d664ae01-3a1d-4b26-ade2-6100e4ef36d8,False,2025-11-19 12:46:23.176000+00:00,2025-11-23 05:39:41.848000+00:00,2,2,3.7036883333333335,100.3434993287037,1.0,3.7036883333333335,2,1,1,0.5,1.0,2,8.0,6.0,4.0,3.0,1.3333333333333333,1,1,0.0,1
d66fb5fc-d740-4f79-9ec9-bb09a4661be3,True,2025-03-23 21:13:12.276000+00:00,2026-02-24 05:07:09.228000+00:00,80,26,337.32913138888887,7.3660990972222224,3.076923076923077,0.02961121527777778,80,43,37,0.5375,1.162162162162162,80,220.0,364.0,2.75,4.55,0.6043956043956044,6,5,0.7375,3
d6701498-4c5f-4273-84de-08ab6d6706e4,True,2025-09-09 10:56:15.733000+00:00,2026-02-26 17:10:59.694000+00:00,291,37,170.26023103009257,4.863431666666666,7.864864864864865,0.012625671296296296,291,118,173,0.4054982817869416,0.6820809248554913,291,581.0,650.0,1.9965635738831615,2.2336769759450172,0.8938461538461538,5,8,0.0,2
d67b5158-318f-4ee4-a181-c02727c7a574,True,2026-01-29 02:18:01.933000+00:00,2026-02-28 23:50:49.727000+00:00,23,11,30.897775393518522,2.5857692476851852,2.090909090909091,0.06354435185185185,23,6,17,0.2608695652173913,0.35294117647058826,23,26.0,82.0,1.1304347826086956,3.5652173913043477,0.3170731707317073,4,10,0.0,2
d6c9ede9-3e4a-40ea-a9f9-f852c697bb61,True,2025-03-05 02:45:32.935000+00:00,2025-07-31 22:53:44.011000+00:00,3,3,148.83901708333332,214.62541873842594,1.0,74.41950854166667,3,1,2,0.3333333333333333,0.5,3,17.0,5.0,5.666666666666667,1.6666666666666667,3.4,1,1,0.0,1
d6f6bd94-8a67-4828-978c-4e3cc32533bf,False,2025-03-14 14:56:55.584000+00:00,2025-07-13 19:12:57.797000+00:00,224,47,121.1778033912037,232.77873140046296,4.76595744680851,0.018860405092592594,224,110,114,0.49107142857142855,0.9649122807017544,224,916.0,858.0,4.089285714285714,3.830357142857143,1.0675990675990676,6,9,0.45535714285714285,3
d75f800c-f75e-4608-876a-6beb701dc523,True,2025-04-02 03:07:20.054000+00:00,2025-04-18 16:55:50.772000+00:00,53,10,16.575355532407407,318.87395159722223,5.3,0.020422609953703704,53,28,25,0.5283018867924528,1.12,53,184.0,249.0,3.4716981132075473,4.69811320754717,0.7389558232931727,4,4,0.24528301886792453,3
d7b75aeb-bbb8-4bb7-9b1a-8d0443bf2f3f,False,2026-01-15 19:51:55.840000+00:00,2026-01-22 19:32:18.768000+00:00,17,4,6.986376481481481,39.76529423611111,4.25,0.015837476851851853,17,7,10,0.4117647058823529,0.7,17,42.0,42.0,2.4705882352941178,2.4705882352941178,1.0,3,5,0.0,1
d8570953-b791-4d98-aa2e-77d31ce24120,False,2025-06-13 16:00:53.484000+00:00,2025-10-17 12:41:09.314000+00:00,203,37,125.8612943287037,137.05082032407407,5.486486486486487,0.021567042824074074,203,106,97,0.5221674876847291,1.092783505154639,203,882.0,835.0,4.344827586206897,4.113300492610837,1.0562874251497005,9,5,0.9507389162561576,3
d895f4d1-4e2c-4fb9-a6cc-97f07af5c88b,True,2025-09-22 23:44:02.326000+00:00,2026-02-13 04:28:22.376000+00:00,31,14,143.19745428240742,18.39303025462963,2.2142857142857144,0.014673547453703703,31,23,8,0.7419354838709677,2.875,31,156.0,34.0,5.032258064516129,1.096774193548387,4.588235294117647,6,2,0.0,2
d96ff9c2-80a2-4c92-8dfa-75b777e3326e,False,2025-10-14 17:18:56.607000+00:00,2026-02-04 21:12:27.449000+00:00,30,7,113.16216252314815,26.69574931712963,4.285714285714286,0.014349131944444446,30,17,13,0.5666666666666667,1.3076923076923077,30,117.0,94.0,3.9,3.1333333333333333,1.2446808510638299,3,3,0.0,2
d9847206-4372-4707-9871-fb95f342e115,False,2025-12-30 01:30:05.003000+00:00,2025-12-30 01:30:05.003000+00:00,1,1,0.0,63.51684244212963,1.0,,1,0,1,0.0,0.0,1,0.0,2.0,0.0,2.0,0.0,0,1,0.0,1
d9a49b17-ec23-4ceb-8286-a12af1b79816,True,2025-04-18 11:43:03.453000+00:00,2026-03-02 22:29:14.875000+00:00,73,20,318.4487433101852,0.6424226273148148,3.65,0.01860454861111111,73,38,35,0.5205479452054794,1.0857142857142856,73,212.0,190.0,2.904109589041096,2.6027397260273974,1.1157894736842104,5,6,0.0821917808219178,3
dab6554a-0c60-4786-b07e-0cf761656be2,True,2025-03-10 19:33:25.232000+00:00,2026-03-01 17:43:49.680000+00:00,226,69,355.92389407407404,1.8406309027777779,3.2753623188405796,0.024492905092592592,226,122,104,0.5398230088495575,1.1730769230769231,226,1049.0,961.0,4.6415929203539825,4.252212389380531,1.0915712799167534,6,6,0.8938053097345132,3
db1c386c-ec9e-43f1-812a-c3a7df91e44a,False,2025-07-16 20:07:15.268000+00:00,2025-10-07 17:30:30.866000+00:00,13,5,82.89115275462963,146.84987643518517,2.6,0.017197395833333334,13,4,9,0.3076923076923077,0.4444444444444444,13,8.0,45.0,0.6153846153846154,3.4615384615384617,0.17777777777777778,2,8,0.0,1
db21796f-6f77-422d-9f70-57e4a8313df7,True,2025-03-28 22:44:59.082000+00:00,2026-01-10 20:16:44.720000+00:00,152,32,287.89705599537035,51.73443831018518,4.75,0.025513310185185184,152,76,76,0.5,1.0,152,586.0,686.0,3.8552631578947367,4.5131578947368425,0.8542274052478134,8,6,0.9276315789473685,3
db52cdce-aaa2-435d-a2c5-b9de4ce2e20e,False,2025-07-29 07:03:32.743000+00:00,2025-07-31 07:15:46.884000+00:00,5,2,2.0084970023148148,215.27677437500003,2.5,0.011389033564814816,5,3,2,0.6,1.5,5,8.0,9.0,1.6,1.8,0.8888888888888888,2,2,0.0,1
dbd51128-6a0e-41db-b0d5-5215011a9288,False,2025-04-08 16:51:52.478000+00:00,2025-04-30 09:24:18.337000+00:00,46,10,21.68918818287037,307.18752144675926,4.6,0.020328773148148148,46,19,27,0.41304347826086957,0.7037037037037037,46,106.0,161.0,2.3043478260869565,3.5,0.6583850931677019,3,5,0.0,2
dbd6ea95-74ec-49a3-a5c7-bc32e898248a,False,2025-03-07 14:22:33.482000+00:00,2025-09-26 20:01:23.612000+00:00,47,20,203.23530243055555,157.7450992824074,2.35,0.08245744791666666,47,20,27,0.425531914893617,0.7407407407407407,47,128.0,166.0,2.723404255319149,3.5319148936170213,0.7710843373493976,3,6,0.46808510638297873,3
dc0191de-0a19-4eba-988e-e3529e90bdfa,False,2025-03-08 00:08:57.990000+00:00,2025-12-18 23:44:21.101000+00:00,37,10,285.9829063773148,74.5902672337963,3.7,0.01785936921296296,37,27,10,0.7297297297297297,2.7,37,101.0,121.0,2.72972972972973,3.27027027027027,0.8347107438016529,9,2,0.0,2
dc34e011-703c-4a03-ac25-eb683a4b479e,False,2025-10-08 01:26:04.015000+00:00,2025-10-08 01:26:04.015000+00:00,1,1,0.0,146.5196316550926,1.0,,1,0,1,0.0,0.0,1,0.0,0.0,0.0,0.0,,0,1,0.0,1
dc48bcac-0ba3-40b4-825f-616ee9111569,True,2025-07-06 17:54:00.808000+00:00,2025-08-04 18:21:00.076000+00:00,83,15,29.01874152777778,210.81481613425925,5.533333333333333,0.016272910879629628,83,49,34,0.5903614457831325,1.4411764705882353,83,473.0,214.0,5.698795180722891,2.5783132530120483,2.210280373831776,11,5,0.0,2
dcb242b8-6eb4-4594-a8c2-7b10190b0adb,True,2026-01-29 03:48:39.305000+00:00,2026-01-29 03:48:39.305000+00:00,1,1,0.0,33.420612094907405,1.0,,1,1,0,1.0,,1,0.0,4.0,0.0,4.0,0.0,1,0,0.0,1
dce0aff5-85b1-46b9-9da2-9882f62a7fe1,True,2026-01-11 00:13:28.171000+00:00,2026-01-11 00:13:28.171000+00:00,1,1,0.0,51.57004651620371,1.0,,1,1,0,1.0,,1,6.0,3.0,6.0,3.0,2.0,1,0,0.0,1
dd28fd58-2c25-4768-a700-364f82df4834,False,2025-08-23 17:50:32.722000+00:00,2025-08-23 17:50:32.722000+00:00,1,1,0.0,191.8359660648148,1.0,,1,1,0,1.0,,1,5.0,1.0,5.0,1.0,5.0,1,0,0.0,1
dd8f00e6-29f6-47a5-b041-c0fd16c13241,True,2025-03-06 04:01:24.331000+00:00,2026-03-03 01:01:44.148000+00:00,1339,276,361.87522936342594,0.5365282638888889,4.851449275362318,0.020001614583333334,1339,576,763,0.4301717699775952,0.7549148099606815,1339,4447.0,5154.0,3.3211351755041076,3.849141150112024,0.862824990298797,7,9,0.4854368932038835,3
df43a54d-5181-4989-b4ce-32bfef91c08b,True,2025-08-28 21:06:21.026000+00:00,2026-03-02 19:48:09.635000+00:00,20,6,185.94570149305554,0.7542888310185185,3.3333333333333335,0.011504374999999999,20,10,10,0.5,1.0,20,27.0,57.0,1.35,2.85,0.47368421052631576,3,5,0.0,1
df509c96-fd5a-4c2a-89f6-aa29c10dd460,True,2025-03-20 22:46:45.232000+00:00,2025-12-17 02:28:39.727000+00:00,41,13,271.1541029513889,76.47616276620371,3.1538461538461537,0.027296377314814817,41,16,25,0.3902439024390244,0.64,41,103.0,173.0,2.5121951219512195,4.219512195121951,0.5953757225433526,2,4,0.0,2
df5a6748-712b-4277-92f3-5309593966a5,False,2026-01-07 06:56:37.270000+00:00,2026-01-08 15:04:16.906000+00:00,13,2,1.3386531944444444,53.95142689814815,6.5,0.01442585648148148,13,6,7,0.46153846153846156,0.8571428571428571,13,41.0,23.0,3.1538461538461537,1.7692307692307692,1.7826086956521738,4,4,0.07692307692307693,2
df77d527-5ac0-4731-b7fd-d1d4237801c4,True,2025-10-18 17:30:30.907000+00:00,2025-11-16 10:34:35.639000+00:00,103,17,28.71116587962963,107.13871008101853,6.0588235294117645,0.012659432870370371,103,50,53,0.4854368932038835,0.9433962264150944,103,180.0,301.0,1.7475728155339805,2.9223300970873787,0.5980066445182725,6,7,0.0,2
dfbbe223-2cd5-4f64-8373-ee464d25bfac,True,2025-07-04 17:16:55.306000+00:00,2025-12-12 12:38:17.918000+00:00,55,19,160.80651171296296,81.05280407407407,2.8947368421052633,0.016435804398148148,55,21,34,0.38181818181818183,0.6176470588235294,55,99.0,120.0,1.8,2.1818181818181817,0.825,3,5,0.0,2
dffaa727-8b6e-4962-9945-29271d7c50b2,False,2025-10-24 15:15:55.067000+00:00,2026-01-26 18:55:37.241000+00:00,204,40,94.15257145833333,35.79077487268518,5.1,0.020996041666666666,203,106,97,0.5221674876847291,1.092783505154639,199,1141.0,742.0,5.733668341708543,3.728643216080402,1.5377358490566038,6,7,0.2107843137254902,3
e04a044b-a222-4f3e-a4d4-f5d7177fe7d3,True,2025-03-24 13:53:28.172000+00:00,2026-02-16 04:02:20.014000+00:00,188,23,328.58948891203704,15.411113148148148,8.173913043478262,0.020583668981481482,188,99,89,0.526595744680851,1.1123595505617978,188,722.0,744.0,3.8404255319148937,3.9574468085106385,0.9704301075268817,6,7,0.9202127659574468,3
e04b876d-97a3-41f5-8549-c4ad3a010884,True,2025-03-05 03:04:26.802000+00:00,2025-12-21 08:07:52.512000+00:00,634,99,291.21071423611113,72.240598125,6.404040404040404,0.020916319444444446,634,344,290,0.5425867507886435,1.186206896551724,634,2896.0,2453.0,4.5678233438485805,3.869085173501577,1.1805951895637994,9,8,0.9384858044164038,3
e0624032-f3ff-4c78-aa1a-a70cccf24f58,True,2025-04-01 16:24:01.208000+00:00,2026-03-03 12:26:14.514000+00:00,44,21,335.83487622685186,0.06117680555555556,2.0952380952380953,0.2046246875,44,24,20,0.5454545454545454,1.2,44,221.0,162.0,5.0227272727272725,3.6818181818181817,1.3641975308641976,3,3,0.06818181818181818,3
e06cf052-730e-4dbf-b5af-112c8d9fd6e7,False,2025-11-01 20:54:43.731000+00:00,2025-11-01 20:54:43.731000+00:00,1,1,0.0,121.70806086805557,1.0,,1,0,1,0.0,0.0,1,0.0,2.0,0.0,2.0,0.0,0,1,0.0,1
e071f868-c675-4347-8b3c-307e9e49e4da,False,2025-03-19 22:52:47.909000+00:00,2025-04-19 14:53:05.695000+00:00,11,3,30.666872523148147,317.9591955439815,3.6666666666666665,0.013708061342592594,11,4,7,0.36363636363636365,0.5714285714285714,11,12.0,39.0,1.0909090909090908,3.5454545454545454,0.3076923076923077,2,4,0.0,2
e083d19e-d209-45b5-ba28-e54f2bd82cc2,False,2025-04-04 14:29:18.388000+00:00,2025-05-31 21:45:02.064000+00:00,116,15,57.30258884259259,275.6731264583333,7.733333333333333,0.01994761574074074,116,50,66,0.43103448275862066,0.7575757575757576,116,531.0,493.0,4.577586206896552,4.25,1.077079107505071,5,5,0.9224137931034483,3
e11620ae-1f22-4e2f-b51a-6ddbaa7e6fd5,False,2025-03-06 04:20:23.379000+00:00,2025-12-08 15:18:32.174000+00:00,77,23,277.45704623842596,84.94152796296297,3.347826086956522,0.02794208912037037,77,38,39,0.4935064935064935,0.9743589743589743,77,312.0,365.0,4.0519480519480515,4.740259740259741,0.8547945205479452,5,7,0.8961038961038961,3
e1706d7b-0071-49cc-90ea-6d74037ea856,True,2025-08-26 19:43:41.896000+00:00,2025-11-29 22:35:42.500000+00:00,57,14,95.11945143518518,93.63793622685186,4.071428571428571,0.013121267361111112,57,19,38,0.3333333333333333,0.5,57,36.0,152.0,0.631578947368421,2.6666666666666665,0.23684210526315788,3,8,0.0,2
e21dfb50-4452-4787-8e02-1265b613c7fb,False,2025-04-19 15:46:30.857000+00:00,2025-08-29 21:11:03.132000+00:00,274,64,132.22537355324076,185.69672520833333,4.28125,0.022309826388888888,274,100,174,0.36496350364963503,0.5747126436781609,274,528.0,874.0,1.927007299270073,3.18978102189781,0.6041189931350115,4,16,0.2846715328467153,3
e2632393-44bc-46d2-8808-af7ca82952d1,False,2025-07-20 05:22:44.352000+00:00,2025-07-20 05:48:02.314000+00:00,2,1,0.01756900462962963,226.33770689814813,2.0,0.01756900462962963,2,1,1,0.5,1.0,2,6.0,10.0,3.0,5.0,0.6,1,1,1.0,1
e315b28c-9598-4095-9ae9-6a56ba856cec,False,2025-04-05 17:50:35.328000+00:00,2025-06-19 02:27:34.347000+00:00,112,15,74.35901642361111,257.47691947916667,7.466666666666667,0.01741497685185185,112,37,75,0.33035714285714285,0.49333333333333335,112,157.0,450.0,1.4017857142857142,4.017857142857143,0.3488888888888889,3,6,0.0,2
e32aa737-5b41-4d1c-9c3b-e96714a8466c,True,2025-06-24 18:33:31.772000+00:00,2026-03-02 23:46:26.223000+00:00,267,59,251.21729688657408,0.5888190624999999,4.52542372881356,0.020236186342592593,266,112,154,0.42105263157894735,0.7272727272727273,267,689.0,914.0,2.5805243445692883,3.4232209737827715,0.7538293216630197,9,9,0.31086142322097376,3
e38d9b6e-bdfd-4502-8e41-555107637a72,True,2025-03-18 23:54:50.409000+00:00,2025-10-10 01:56:38.458000+00:00,185,61,205.08458390046295,144.49839967592592,3.0327868852459017,0.02161493634259259,185,99,86,0.5351351351351351,1.1511627906976745,185,797.0,725.0,4.308108108108108,3.918918918918919,1.0993103448275863,10,5,0.8594594594594595,3
e3fd54f5-c5b6-4d45-9880-a58b165e54f4,True,2025-03-30 22:54:33.607000+00:00,2026-03-01 18:09:01.654000+00:00,165,43,335.80171350694445,1.8231312037037035,3.8372093023255816,0.029344884259259258,165,77,88,0.4666666666666667,0.875,165,589.0,613.0,3.56969696969697,3.7151515151515153,0.9608482871125612,6,9,0.4909090909090909,3
e467f222-dea2-4df4-a268-077f1a71d037,False,2025-06-10 18:11:27.683000+00:00,2025-12-31 15:23:51.126000+00:00,69,16,203.88360466435185,61.93783638888889,4.3125,0.01405148148148148,69,40,29,0.5797101449275363,1.3793103448275863,69,317.0,186.0,4.594202898550725,2.6956521739130435,1.7043010752688172,7,4,0.0,1
e48ed638-ce54-458e-8af8-f76b058d7fbb,True,2025-03-04 15:52:26.741000+00:00,2026-03-02 22:13:25.546000+00:00,338,100,363.2645695023148,0.6534102314814815,3.38,0.03145957175925926,338,166,172,0.4911242603550296,0.9651162790697675,338,1655.0,1379.0,4.896449704142012,4.079881656804734,1.2001450326323422,8,8,0.7307692307692307,3
e498bf3c-8f81-46e8-8efd-33289608e786,False,2025-08-16 04:04:09.013000+00:00,2025-10-30 21:01:35.279000+00:00,163,36,75.70655400462962,123.70329758101852,4.527777777777778,0.015048506944444442,163,70,93,0.4294478527607362,0.7526881720430108,163,459.0,471.0,2.815950920245399,2.8895705521472395,0.9745222929936306,5,10,0.0,2
e4d9be43-0539-43a0-897a-89f54cd2b56b,False,2025-08-03 10:11:39.030000+00:00,2025-09-28 09:17:59.554000+00:00,43,8,55.962737546296296,156.19190550925927,5.375,0.012751053240740742,43,21,22,0.4883720930232558,0.9545454545454546,43,147.0,132.0,3.4186046511627906,3.0697674418604652,1.1136363636363635,4,4,0.0,2
e533b988-5b00-48c1-8de2-a59e76b53e15,False,2025-04-01 09:24:09.556000+00:00,2025-04-23 10:24:31.645000+00:00,43,8,22.04192232638889,314.14570075231484,5.375,0.01837623842592593,43,20,23,0.46511627906976744,0.8695652173913043,43,223.0,178.0,5.186046511627907,4.1395348837209305,1.252808988764045,5,5,0.0,1
e5d2f31f-0bff-4edf-9719-a4daa83ef32c,False,2025-08-11 12:04:05.320000+00:00,2025-12-27 10:50:19.266000+00:00,8,3,137.94877252314816,66.12778847222222,2.6666666666666665,0.012627534722222222,8,3,5,0.375,0.6,8,5.0,21.0,0.625,2.625,0.23809523809523808,1,2,0.0,1
e6811a13-3c43-40f1-845d-2c21031616e5,True,2025-07-15 04:48:03.631000+00:00,2026-03-03 09:07:10.144000+00:00,99,34,231.17993649305555,0.19942182870370367,2.911764705882353,0.01459386574074074,99,30,69,0.30303030303030304,0.43478260869565216,99,110.0,341.0,1.1111111111111112,3.4444444444444446,0.3225806451612903,4,14,0.0,2
e6b65aa7-3b8e-4f76-91d7-0191c619b40b,False,2025-04-12 17:51:19.939000+00:00,2025-04-16 14:47:36.345000+00:00,3,2,3.8724121064814816,320.96300746527777,1.5,1.9362060532407406,3,3,0,1.0,,3,5.0,13.0,1.6666666666666667,4.333333333333333,0.38461538461538464,3,0,0.0,1
e6e8c6cb-30d6-493c-b364-b517fdb096f8,False,2025-03-05 10:42:31.035000+00:00,2025-03-05 10:42:31.035000+00:00,1,1,0.0,363.1332078125,1.0,,1,1,0,1.0,,1,0.0,3.0,0.0,3.0,0.0,1,0,0.0,1
e71fee14-233e-4d4c-bde6-a29d9191a2df,True,2025-03-05 20:48:18.577000+00:00,2026-01-24 13:10:12.746000+00:00,564,145,324.6818769560185,38.03064171296297,3.889655172413793,0.023026828703703706,564,268,296,0.475177304964539,0.9054054054054054,562,2491.0,2390.0,4.432384341637011,4.252669039145908,1.0422594142259414,12,9,0.9769503546099291,3
e75eb751-cfa6-4df6-bacd-aa3a71b0b5c4,False,2025-06-07 21:48:27.620000+00:00,2025-07-05 20:45:11.422000+00:00,50,18,27.956062523148148,240.7146848148148,2.7777777777777777,0.19866961805555555,50,21,29,0.42,0.7241379310344828,50,172.0,213.0,3.44,4.26,0.8075117370892019,6,11,0.88,3
e792d78e-1300-4f95-9a93-64d0a80d53b3,False,2025-11-29 21:49:32.749000+00:00,2026-02-15 22:21:59.730000+00:00,17,8,78.02253450231481,15.647459027777778,2.125,0.16034218171296297,17,9,8,0.5294117647058824,1.125,17,32.0,50.0,1.8823529411764706,2.9411764705882355,0.64,3,4,0.0,2
e7e99c08-b60f-41f1-b134-601567ba0b1c,True,2026-02-27 23:27:17.082000+00:00,2026-02-27 23:39:26.517000+00:00,2,1,0.008442534722222221,3.5936767708333335,2.0,0.008442534722222221,2,2,0,1.0,,2,8.0,2.0,4.0,1.0,4.0,2,0,0.5,2
e7f0739a-7a02-4a46-9d12-45f8b03ddd9f,False,2025-06-23 23:30:58.893000+00:00,2025-06-24 15:37:31.150000+00:00,4,2,0.6712066782407408,251.92834537037035,2.0,0.009764444444444445,4,3,1,0.75,3.0,4,8.0,6.0,2.0,1.5,1.3333333333333333,2,1,0.0,1
e7fadae9-9c6b-4875-a681-6be03b0ed030,True,2025-03-04 16:02:19.327000+00:00,2026-01-01 21:08:37.301000+00:00,203,30,303.2127080324074,60.698413067129636,6.766666666666667,0.020965891203703704,203,93,110,0.458128078817734,0.8454545454545455,203,829.0,878.0,4.083743842364532,4.325123152709359,0.9441913439635535,6,10,1.0,1
e856fc8a-68b0-4c29-a205-b1a52f45422f,False,2025-11-18 04:28:33.380000+00:00,2025-11-18 04:28:33.380000+00:00,1,1,0.0,105.39290289351852,1.0,,1,0,1,0.0,0.0,1,0.0,3.0,0.0,3.0,0.0,0,1,0.0,1
e86d1e9b-27ba-412b-aeb5-b70368b86d8c,False,2026-01-18 01:44:53.452000+00:00,2026-01-22 22:56:32.016000+00:00,12,3,4.883085231481481,39.623474236111115,4.0,0.016845567129629632,12,3,9,0.25,0.3333333333333333,12,19.0,31.0,1.5833333333333333,2.5833333333333335,0.6129032258064516,1,4,0.0,1
e897653c-cbff-49c4-8774-f35854d0eaac,True,2026-01-09 23:24:26.236000+00:00,2026-02-24 02:22:03.020000+00:00,63,24,45.12334240740741,7.480754282407408,2.625,0.05618831018518519,63,27,36,0.42857142857142855,0.75,63,78.0,210.0,1.2380952380952381,3.3333333333333335,0.37142857142857144,3,7,0.0,2
ea40bcc8-a969-4f2d-b245-6f92f53dc657,False,2025-11-25 17:47:51.407000+00:00,2025-11-25 18:17:58.967000+00:00,2,1,0.020920833333333333,97.81691230324073,2.0,0.020920833333333333,2,0,2,0.0,0.0,2,0.0,2.0,0.0,1.0,0.0,0,2,0.0,1
eacdac1e-10a6-440d-a03e-4cbbf8496b45,True,2025-12-01 02:39:38.780000+00:00,2026-03-03 04:43:34.582000+00:00,105,22,92.08606252314814,0.3824723148148148,4.7727272727272725,0.018653582175925925,105,56,49,0.5333333333333333,1.1428571428571428,100,393.0,372.0,3.93,3.72,1.0564516129032258,7,9,0.5142857142857142,3
eb1a7e19-e723-4c1c-91db-726666996cab,False,2025-03-07 13:20:57.191000+00:00,2025-11-07 21:14:42.372000+00:00,259,49,245.328995150463,115.69418770833333,5.285714285714286,0.020637337962962965,259,128,131,0.4942084942084942,0.9770992366412213,259,523.0,1134.0,2.0193050193050195,4.378378378378378,0.46119929453262787,8,6,0.9613899613899614,3
eb2450d2-963b-4708-b942-bd9958874272,True,2025-03-04 15:04:17.034000+00:00,2026-02-27 22:49:37.710000+00:00,241,29,360.3231559722222,3.6282694444444443,8.310344827586206,0.01954652199074074,240,124,116,0.5166666666666667,1.0689655172413792,241,1112.0,1093.0,4.614107883817427,4.535269709543568,1.0173833485818846,7,6,0.983402489626556,2
eba7b3be-19c5-44b5-b8bb-7fdddf9bd4fb,False,2025-09-04 17:50:51.967000+00:00,2025-09-04 17:50:51.967000+00:00,1,1,0.0,179.83574332175925,1.0,,1,0,1,0.0,0.0,1,3.0,4.0,3.0,4.0,0.75,0,1,0.0,1
ebf17b9d-e3ed-4518-b4dd-25fadbb312d2,False,2025-06-15 20:00:58.073000+00:00,2025-06-15 20:00:58.073000+00:00,1,1,0.0,260.74539487268515,1.0,,1,0,1,0.0,0.0,1,0.0,3.0,0.0,3.0,0.0,0,1,0.0,1
ec50b061-5451-401d-be06-591610b0f590,True,2025-03-11 22:12:27.004000+00:00,2026-02-26 22:55:11.927000+00:00,246,71,352.0296866087963,4.624401192129629,3.464788732394366,0.03355609953703703,246,119,127,0.483739837398374,0.937007874015748,246,606.0,1038.0,2.4634146341463414,4.219512195121951,0.5838150289017341,11,8,0.9471544715447154,3
eccdd388-0d70-4ca7-b842-11f214155b6b,False,2025-05-14 19:29:10.088000+00:00,2025-09-25 23:09:01.226000+00:00,5,2,134.15267520833333,158.61480282407408,2.5,0.01259472800925926,5,1,4,0.2,0.25,5,18.0,16.0,3.6,3.2,1.125,1,3,0.0,2
ed45424a-85d1-41cc-aad8-f80ffff2cb57,True,2025-03-15 15:40:45.954000+00:00,2026-03-02 13:25:06.630000+00:00,206,61,351.9057948611111,1.0202958333333334,3.377049180327869,0.020828483796296295,205,104,101,0.5073170731707317,1.0297029702970297,206,837.0,695.0,4.063106796116505,3.3737864077669903,1.20431654676259,8,6,0.5825242718446602,2
ed848c1a-3838-49eb-9333-f4c32235159a,False,2025-03-16 01:25:22.813000+00:00,2025-05-08 11:56:27.170000+00:00,16,6,53.43824487268518,299.0818636574074,2.6666666666666665,0.016842824074074076,16,8,8,0.5,1.0,16,46.0,51.0,2.875,3.1875,0.9019607843137255,5,3,0.0,2
ed8819ae-701d-4dc9-a2b4-a5f5b7eb22fa,True,2025-04-05 06:15:58.569000+00:00,2026-02-27 20:01:25.373000+00:00,247,47,328.57322689814816,3.7450789004629628,5.25531914893617,0.021040891203703706,246,104,142,0.42276422764227645,0.7323943661971831,240,751.0,823.0,3.129166666666667,3.4291666666666667,0.9125151883353585,8,20,0.44534412955465585,3
ee1d21cb-1035-49ab-b3ae-248bee311d7a,True,2025-05-23 19:04:27.529000+00:00,2026-02-02 06:43:37.493000+00:00,102,21,254.48553199074075,29.299105289351854,4.857142857142857,0.013252685185185185,102,50,52,0.49019607843137253,0.9615384615384616,102,434.0,326.0,4.254901960784314,3.196078431372549,1.3312883435582823,4,5,0.0784313725490196,3
ee4dbeee-feed-49bd-8b29-3b5711a01f24,False,2025-03-18 07:00:05.875000+00:00,2025-04-19 06:34:24.842000+00:00,88,16,31.98216396990741,318.30550171296295,5.5,0.011156539351851852,88,34,54,0.38636363636363635,0.6296296296296297,88,72.0,243.0,0.8181818181818182,2.7613636363636362,0.2962962962962963,3,8,0.0,1
ee5339d4-9a90-4bab-9fb9-71d3270057b5,False,2025-08-01 09:53:52.200000+00:00,2025-08-18 20:38:43.403000+00:00,52,10,17.447814849537036,196.71917577546296,5.2,0.02037829861111111,52,17,35,0.3269230769230769,0.4857142857142857,52,134.0,184.0,2.576923076923077,3.5384615384615383,0.7282608695652174,3,6,0.8461538461538461,2
eee0dab9-82b0-4ac1-93e7-b4ef0ed8f13a,True,2025-03-09 22:58:38.165000+00:00,2025-08-14 14:38:25.361000+00:00,102,26,157.65262958333335,200.9693845949074,3.923076923076923,0.019494131944444444,102,50,52,0.49019607843137253,0.9615384615384616,102,552.0,312.0,5.411764705882353,3.0588235294117645,1.7692307692307692,6,7,0.0,2
ef331516-17a5-40f0-bb93-6cf0429e1bb8,False,2025-06-14 21:21:07.142000+00:00,2025-06-23 14:14:34.063000+00:00,17,4,8.70378380787037,252.9859505439815,4.25,0.011724508101851851,17,4,13,0.23529411764705882,0.3076923076923077,17,11.0,48.0,0.6470588235294118,2.823529411764706,0.22916666666666666,2,9,0.0,1
ef43f9ca-11be-481b-8ef1-3864d0237a2e,False,2026-02-01 01:58:23.995000+00:00,2026-02-01 09:05:24.706000+00:00,5,1,0.29653600694444443,30.20064217592593,5.0,0.016522662037037037,5,2,3,0.4,0.6666666666666666,5,22.0,13.0,4.4,2.6,1.6923076923076923,2,2,0.0,1
ef8f2af6-2091-4fd7-a061-c786a4a1f639,True,2026-01-21 01:55:23.556000+00:00,2026-01-21 01:55:23.556000+00:00,1,1,0.0,41.499266597222224,1.0,,1,0,1,0.0,0.0,1,0.0,4.0,0.0,4.0,0.0,0,1,0.0,1
efa8d7d6-0f35-4c45-aa1c-91f92324a5dc,True,2025-03-04 19:35:53.267000+00:00,2026-02-08 04:56:54.231000+00:00,641,159,340.38959449074076,23.373217118055557,4.031446540880503,0.02812767939814815,641,357,284,0.5569422776911076,1.2570422535211268,641,3249.0,2364.0,5.068642745709829,3.68798751950078,1.3743654822335025,10,7,0.8174726989079563,3
f00ef725-67ff-468c-bd40-b8f56651746a,False,2025-12-16 15:35:56.161000+00:00,2025-12-18 20:16:06.766000+00:00,3,2,2.1945671875,74.73487759259258,1.5,1.0972835937499998,3,1,2,0.3333333333333333,0.5,3,1.0,8.0,0.3333333333333333,2.6666666666666665,0.125,1,2,0.0,1
f02b0d08-9842-4494-beaa-5f00171fbbb1,True,2025-04-27 21:43:54.119000+00:00,2025-06-04 21:15:46.185000+00:00,40,17,37.98046372685185,271.6934491319444,2.3529411764705883,0.05313630787037037,40,19,21,0.475,0.9047619047619048,40,102.0,142.0,2.55,3.55,0.7183098591549296,8,7,0.425,3
f0964b3d-75a8-468e-b63a-294feee7b3f3,True,2025-08-24 14:48:00.471000+00:00,2025-12-14 17:46:30.916000+00:00,3,3,112.1239634837963,78.83876474537037,1.0,56.06198174189815,3,1,2,0.3333333333333333,0.5,3,3.0,8.0,1.0,2.6666666666666665,0.375,1,2,0.0,1
f0a85a2f-d114-4a68-a89e-a3bf37ccffc6,False,2025-07-03 19:40:39.946000+00:00,2025-07-08 20:38:40.868000+00:00,7,3,5.040288449074074,237.71920511574075,2.3333333333333335,0.014049589120370371,7,5,2,0.7142857142857143,2.5,7,16.0,21.0,2.2857142857142856,3.0,0.7619047619047619,5,2,0.0,1
f1abfca8-3473-44bf-84e9-92c370dda452,True,2025-03-05 16:26:56.997000+00:00,2026-02-28 19:06:48.772000+00:00,117,37,360.1110159143518,2.783002523148148,3.1621621621621623,0.03210214699074074,117,53,64,0.452991452991453,0.828125,117,602.0,472.0,5.145299145299146,4.034188034188034,1.2754237288135593,8,8,0.8803418803418803,2
f3453a9c-3c3e-439f-b447-6dea8d94bdfd,False,2025-05-12 12:43:38.920000+00:00,2025-09-25 08:34:16.726000+00:00,136,60,135.82682645833333,159.2222623148148,2.2666666666666666,0.26557423611111114,135,60,75,0.4444444444444444,0.8,136,487.0,544.0,3.5808823529411766,4.0,0.8952205882352942,6,7,0.9411764705882353,2
f3830845-b028-47ff-b104-4ba9758cfe42,True,2025-03-06 22:33:22.109000+00:00,2026-02-22 19:21:43.944000+00:00,188,46,352.86691938657407,8.772641736111112,4.086956521739131,0.022422222222222222,188,99,89,0.526595744680851,1.1123595505617978,188,909.0,780.0,4.835106382978723,4.148936170212766,1.1653846153846155,5,6,0.8617021276595744,3
f3ba39ee-8a6c-4cb0-a781-84f2f863497f,False,2025-08-25 15:32:28.077000+00:00,2026-01-02 19:53:59.006000+00:00,21,6,130.18160797453703,59.750245185185186,3.5,0.013488275462962962,21,15,6,0.7142857142857143,2.5,21,53.0,60.0,2.5238095238095237,2.857142857142857,0.8833333333333333,9,3,0.0,1
f414420d-b113-485a-bf0e-b1adfc306087,True,2025-03-16 15:54:56.772000+00:00,2026-03-01 18:16:55.874000+00:00,202,60,350.0986007175926,1.8176425462962962,3.3666666666666667,0.027258483796296293,202,101,101,0.5,1.0,202,496.0,910.0,2.4554455445544554,4.5049504950495045,0.545054945054945,8,6,0.8316831683168316,3
f4887f10-eb20-42a9-b5cc-c86d4a33a59c,True,2025-03-04 19:31:03.738000+00:00,2026-03-02 21:39:38.916000+00:00,445,121,363.08929604166667,0.6768665972222222,3.677685950413223,0.02770878472222222,444,232,212,0.5225225225225225,1.0943396226415094,443,1811.0,1906.0,4.08803611738149,4.302483069977427,0.9501573976915005,13,6,0.9887640449438202,3
f51c3bc3-1f2f-499a-a449-e904bc62fe07,True,2025-03-04 21:40:06.935000+00:00,2026-03-03 06:16:51.422000+00:00,327,97,363.35884822916665,0.3176940740740741,3.3711340206185567,0.02582379050925926,327,153,174,0.46788990825688076,0.8793103448275862,327,1246.0,1503.0,3.8103975535168195,4.5963302752293576,0.8290086493679308,6,16,0.9847094801223242,3
f534bca2-bcb3-484e-bfd4-194c27566672,False,2025-07-03 21:32:48.463000+00:00,2025-07-23 22:10:59.247000+00:00,10,3,20.026513703703703,222.65510350694444,3.3333333333333335,0.01575045138888889,10,4,6,0.4,0.6666666666666666,10,33.0,34.0,3.3,3.4,0.9705882352941176,2,3,0.7,2
f53fafd2-436b-46f2-bd14-201e8e9bec84,False,2025-03-09 07:03:23.475000+00:00,2025-03-18 02:15:40.287000+00:00,4,2,8.800194583333333,350.4851840625,2.0,0.020987824074074072,4,2,2,0.5,1.0,4,11.0,17.0,2.75,4.25,0.6470588235294118,1,1,1.0,1
f5698943-56ca-4137-832f-ce2d2a268c45,True,2025-03-04 17:03:08.815000+00:00,2026-01-05 02:49:08.999000+00:00,503,89,306.4069465740741,57.46193508101852,5.651685393258427,0.01891438078703704,503,246,257,0.48906560636182905,0.9571984435797666,503,1678.0,1793.0,3.3359840954274356,3.5646123260437377,0.935861684327942,11,11,0.441351888667992,3
f5f22c85-3387-47ae-84b3-a06c6c8d08d8,False,2025-04-03 05:41:37.824000+00:00,2025-12-15 01:27:05.815000+00:00,82,31,255.82324063657407,78.51891637731481,2.6451612903225805,0.023413414351851854,82,21,61,0.25609756097560976,0.3442622950819672,82,162.0,354.0,1.975609756097561,4.317073170731708,0.4576271186440678,2,11,0.34146341463414637,3
f5f90622-edda-4856-810e-e9fdd6dd89ce,False,2025-07-26 07:27:45.316000+00:00,2025-07-26 07:38:53.091000+00:00,2,1,0.007728877314814814,220.2607303125,2.0,0.007728877314814814,2,1,1,0.5,1.0,2,3.0,6.0,1.5,3.0,0.5,1,1,0.0,1
f639ec89-53bd-421c-8766-2308a5407636,True,2025-06-24 19:32:28.184000+00:00,2026-02-25 23:41:43.902000+00:00,16,5,246.17309858796295,5.592086666666667,3.2,0.03380753472222222,16,8,8,0.5,1.0,16,65.0,72.0,4.0625,4.5,0.9027777777777778,4,2,0.6875,3
f6ffca7a-d833-49f2-ac11-504d6a0e05b2,False,2026-02-12 16:11:29.359000+00:00,2026-02-12 20:08:29.665000+00:00,3,1,0.164586875,18.740168113425923,3.0,0.0822934375,3,1,2,0.3333333333333333,0.5,3,8.0,10.0,2.6666666666666665,3.3333333333333335,0.8,1,1,0.3333333333333333,2
f72d788e-b3b1-4094-8074-fca7e38e9098,False,2025-03-07 03:26:50.876000+00:00,2026-01-07 20:25:24.876000+00:00,76,24,306.707337962963,54.72841798611111,3.1666666666666665,0.02350800925925926,76,37,39,0.4868421052631579,0.9487179487179487,76,234.0,296.0,3.0789473684210527,3.8947368421052633,0.7905405405405406,6,6,0.7105263157894737,3
f74d965a-1920-4834-969e-99535ef6c4c9,False,2025-03-10 15:35:10.428000+00:00,2025-09-01 13:13:36.776000+00:00,108,51,174.90169384259258,183.02828025462964,2.1176470588235294,0.02899212962962963,108,45,63,0.4166666666666667,0.7142857142857143,108,148.0,459.0,1.3703703703703705,4.25,0.3224400871459695,6,8,0.06481481481481481,3
f751bb1b-0f45-4f8e-9e4c-86fa0a14e377,False,2025-07-04 19:50:42.311000+00:00,2025-07-04 20:55:20.103000+00:00,5,1,0.04488185185185185,241.70763989583335,5.0,0.011051197916666667,5,2,3,0.4,0.6666666666666666,5,10.0,16.0,2.0,3.2,0.625,1,3,0.0,1
f7956fd8-7449-4423-84a1-9152025bd66a,False,2025-04-28 17:26:57.653000+00:00,2025-04-30 16:44:25.391000+00:00,18,3,1.9704599305555557,306.88188424768515,6.0,0.012962511574074074,18,5,13,0.2777777777777778,0.38461538461538464,18,36.0,57.0,2.0,3.1666666666666665,0.631578947368421,2,5,0.0,2
f81eed89-b24c-423e-8260-a26b8609272e,True,2025-03-05 21:28:13.920000+00:00,2026-03-02 22:25:35.967000+00:00,18,7,362.0398385069444,0.6449562847222222,2.5714285714285716,0.019342777777777778,18,4,14,0.2222222222222222,0.2857142857142857,18,24.0,54.0,1.3333333333333333,3.0,0.4444444444444444,2,8,0.2222222222222222,3
f8251106-5dce-4963-9d17-010c9eb6b098,False,2025-08-24 08:36:46.746000+00:00,2025-10-15 22:39:03.191000+00:00,103,24,52.584912557870375,138.63561341435184,4.291666666666667,0.01747497685185185,103,45,58,0.4368932038834951,0.7758620689655172,103,231.0,291.0,2.2427184466019416,2.825242718446602,0.7938144329896907,7,6,0.0,2
f84cbd82-3b8b-4e07-9d31-c7e471d119f5,True,2025-03-04 23:40:00.652000+00:00,2026-02-17 00:26:22.654000+00:00,255,61,349.03219909722225,14.561082592592593,4.180327868852459,0.026619149305555555,255,130,125,0.5098039215686274,1.04,255,931.0,1016.0,3.6509803921568627,3.984313725490196,0.9163385826771654,7,7,0.6901960784313725,3
f86975d9-ae3e-46af-b696-7a7389638680,True,2025-07-01 05:35:30.820000+00:00,2025-07-10 02:12:09.451000+00:00,6,4,8.85878045138889,236.48762429398147,1.5,0.9038735879629629,6,6,0,1.0,,6,22.0,11.0,3.6666666666666665,1.8333333333333333,2.0,6,0,0.0,1
f9061516-676e-429f-870e-b0fc2b95e3f5,True,2025-09-26 16:33:10.117000+00:00,2026-01-16 23:17:03.949000+00:00,337,35,112.28048416666667,45.60921575231482,9.628571428571428,0.021281417824074077,336,183,153,0.5446428571428571,1.196078431372549,337,1540.0,1264.0,4.56973293768546,3.750741839762611,1.2183544303797469,9,8,0.8160237388724035,3
f90f9ee6-5ec2-4b17-ae1f-962b0c1e6f2a,True,2025-03-09 00:52:06.228000+00:00,2025-12-23 02:06:02.880000+00:00,48,12,289.0513501388889,70.49186701388888,4.0,0.027271180555555555,48,22,26,0.4583333333333333,0.8461538461538461,48,224.0,179.0,4.666666666666667,3.7291666666666665,1.2513966480446927,4,4,0.8541666666666666,2
f9235f72-3d9e-479f-ad0a-d8667854bfc8,True,2025-03-09 18:25:26.591000+00:00,2025-09-02 17:18:53.355000+00:00,224,54,176.95378199074074,181.85794947916668,4.148148148148148,0.03218453703703704,224,121,103,0.5401785714285714,1.174757281553398,224,1053.0,984.0,4.700892857142857,4.392857142857143,1.0701219512195121,6,5,0.78125,3
f99960ca-c0c8-4268-9245-6e977de53102,True,2025-07-19 19:44:24.121000+00:00,2025-07-19 20:59:29.837000+00:00,5,1,0.052149490740740746,226.70474945601853,5.0,0.01279068287037037,5,3,2,0.6,1.5,5,12.0,20.0,2.4,4.0,0.6,1,1,0.0,1
f9efb02c-3609-43b2-83e3-3cf009767f0d,True,2025-03-04 17:26:26.149000+00:00,2026-02-16 17:09:12.616000+00:00,68,24,348.9880378125,14.864670995370371,2.8333333333333335,0.02622943287037037,68,36,32,0.5294117647058824,1.125,68,187.0,303.0,2.75,4.455882352941177,0.6171617161716172,5,6,0.8823529411764706,3
fa60ca4e-c3ff-4e0f-8112-5676ba89895a,False,2025-08-01 06:44:37.180000+00:00,2025-08-18 22:20:29.954000+00:00,43,9,17.64991636574074,196.64849810185186,4.777777777777778,0.012562256944444444,43,22,21,0.5116279069767442,1.0476190476190477,43,127.0,110.0,2.953488372093023,2.558139534883721,1.1545454545454545,6,7,0.0,1
fa7bbdbf-8c44-4269-a600-3f8cce899c63,False,2025-10-21 18:29:29.959000+00:00,2025-10-21 18:48:14.842000+00:00,3,1,0.013019479166666667,132.79589523148147,3.0,0.0065097395833333335,3,3,0,1.0,,3,4.0,5.0,1.3333333333333333,1.6666666666666667,0.8,3,0,0.0,1
fad6c558-3fa3-46d9-93d1-fc0d7d9d72dc,False,2025-12-02 12:02:36.792000+00:00,2025-12-02 16:34:03.533000+00:00,4,1,0.18850394675925927,90.88908167824074,4.0,0.010906481481481482,4,3,1,0.75,3.0,4,3.0,8.0,0.75,2.0,0.375,3,1,0.0,1
fb006eec-0c08-4054-af84-33ce737f94e6,True,2025-06-19 00:21:47.724000+00:00,2025-06-20 02:48:42.788000+00:00,10,2,1.1020262037037036,256.46223844907405,5.0,0.02092258101851852,10,6,4,0.6,1.5,10,42.0,40.0,4.2,4.0,1.05,3,2,0.9,2
fb3dc847-84f9-45d2-9697-b5f9936f1bac,False,2025-06-27 15:50:56.730000+00:00,2025-08-18 15:23:49.728000+00:00,51,15,51.98116895833333,196.93785256944446,3.4,0.022792922453703707,51,28,23,0.5490196078431373,1.2173913043478262,51,142.0,230.0,2.784313725490196,4.509803921568627,0.6173913043478261,5,4,0.0196078431372549,3
fb51f08c-2a68-49f2-9291-cabf377fc7ae,False,2025-03-20 19:38:35.889000+00:00,2025-12-22 06:10:22.466000+00:00,57,15,276.4387335300926,71.32219587962963,3.8,0.01672775462962963,57,26,31,0.45614035087719296,0.8387096774193549,57,194.0,202.0,3.4035087719298245,3.543859649122807,0.9603960396039604,3,6,0.38596491228070173,3
fb54e52c-b9df-4729-a71d-8a62f9f6f64f,True,2025-04-12 05:47:31.369000+00:00,2025-06-19 08:10:40.480000+00:00,15,4,68.09941100694444,257.23865405092596,3.75,0.028114461805555553,15,10,5,0.6666666666666666,2.0,15,53.0,64.0,3.533333333333333,4.266666666666667,0.828125,2,1,0.2,3
fbcc9eea-908e-4d39-b16d-f7aec8767b51,False,2025-11-01 21:57:39.786000+00:00,2025-11-13 19:18:52.816000+00:00,13,3,11.889734143518519,109.77462238425926,4.333333333333333,0.014520086805555556,13,7,6,0.5384615384615384,1.1666666666666667,13,33.0,30.0,2.5384615384615383,2.3076923076923075,1.1,4,3,0.0,1
fbcefe7f-fc6a-4424-aa05-74d34fad89b6,False,2025-06-14 00:38:01.135000+00:00,2026-01-30 23:13:02.316000+00:00,82,22,230.94098589120372,31.612012430555552,3.727272727272727,0.017933055555555556,82,28,54,0.34146341463414637,0.5185185185185185,82,80.0,273.0,0.975609756097561,3.3292682926829267,0.29304029304029305,4,9,0.0,2
fc726414-6283-4533-ad9d-f273e9b51c18,False,2025-11-04 20:35:42.761000+00:00,2025-11-19 00:22:58.394000+00:00,55,10,14.157819826388888,104.56344671296296,5.5,0.03056488425925926,55,33,22,0.6,1.5,55,196.0,143.0,3.5636363636363635,2.6,1.3706293706293706,7,10,0.0,2
fcdcc0b6-acab-4868-bc33-3d4ae5606f2a,False,2025-10-03 16:56:16.114000+00:00,2025-11-23 16:57:41.014000+00:00,4,4,51.00098263888889,99.87267564814816,1.0,13.910662557870372,4,1,3,0.25,0.3333333333333333,4,3.0,14.0,0.75,3.5,0.21428571428571427,1,2,0.0,1
fcdf3ece-bf04-454c-8742-665bdc44cbc8,False,2026-01-08 22:25:33.310000+00:00,2026-01-08 22:25:33.310000+00:00,1,1,0.0,53.64498703703703,1.0,,1,0,1,0.0,0.0,1,1.0,2.0,1.0,2.0,0.5,0,1,0.0,1
fd3e499f-06d8-4dda-91c2-bed27765006a,False,2025-10-08 07:56:14.817000+00:00,2025-10-08 07:56:14.817000+00:00,1,1,0.0,146.2486732986111,1.0,,1,1,0,1.0,,1,8.0,2.0,8.0,2.0,4.0,1,0,0.0,1
fd5b4946-f00c-48d9-a562-2ab9adc2d909,True,2026-02-23 19:22:27.029000+00:00,2026-02-24 03:17:36.413000+00:00,4,2,0.3299697222222222,7.442173344907407,2.0,0.007317094907407408,4,1,3,0.25,0.3333333333333333,4,2.0,5.0,0.5,1.25,0.4,1,2,0.0,1
fd6f9b00-2d09-4d45-8724-a8aa9b3a7406,False,2026-01-05 02:23:23.257000+00:00,2026-03-02 21:50:45.255000+00:00,563,40,56.810671273148145,0.6691543402777778,14.075,0.0136575,563,211,352,0.3747779751332149,0.5994318181818182,563,1042.0,1655.0,1.8507992895204264,2.939609236234458,0.629607250755287,5,11,0.17939609236234458,3
fd7ec7e6-71aa-4297-987c-f7e890f7fa1b,False,2025-06-26 12:48:31.058000+00:00,2025-06-26 12:48:31.058000+00:00,1,1,0.0,250.04570754629628,1.0,,1,0,1,0.0,0.0,1,6.0,3.0,6.0,3.0,2.0,0,1,0.0,1
fdc9bb5f-c205-4a94-ab15-ebc9ab1fd7d0,True,2026-02-27 02:27:50.989000+00:00,2026-03-02 22:00:13.299000+00:00,42,3,3.8141471064814816,0.6625797569444445,14.0,0.03164140046296296,42,21,21,0.5,1.0,42,139.0,125.0,3.3095238095238093,2.9761904761904763,1.112,2,2,0.0,2
fdefa720-1728-43b4-b554-58a099fcbb87,False,2025-04-01 22:36:21.474000+00:00,2025-06-10 01:48:07.614000+00:00,126,28,69.13317291666667,266.5043122222222,4.5,0.020257245370370373,126,75,51,0.5952380952380952,1.4705882352941178,126,446.0,483.0,3.5396825396825395,3.8333333333333335,0.9233954451345756,10,4,0.10317460317460317,3
fef58241-c384-467e-830d-cc9f449d8697,True,2025-08-01 21:30:59.953000+00:00,2025-08-04 13:01:49.396000+00:00,17,4,2.646405590277778,211.03646752314813,4.25,0.016513258101851853,17,6,11,0.35294117647058826,0.5454545454545454,17,17.0,35.0,1.0,2.0588235294117645,0.4857142857142857,4,4,0.0,1
ff109635-a1bd-47e6-84df-b58d42b15b94,False,2025-07-16 14:18:13.344000+00:00,2025-07-16 15:58:41.394000+00:00,6,1,0.06976909722222223,229.91364347222222,6.0,0.012057361111111112,6,6,0,1.0,,6,22.0,12.0,3.6666666666666665,2.0,1.8333333333333333,6,0,0.0,1
ff35c327-17fe-451b-902b-c64dafd34d34,False,2025-10-07 16:06:56.909000+00:00,2025-10-09 19:57:45.784000+00:00,5,2,2.1602879050925927,144.7476204398148,2.5,0.012610133101851852,5,2,3,0.4,0.6666666666666666,5,5.0,11.0,1.0,2.2,0.45454545454545453,1,2,0.0,1
ff8b9966-a1f8-466f-b64d-98ec33eb95d0,False,2025-05-07 00:22:35.466000+00:00,2025-08-31 02:48:24.523000+00:00,2,2,116.10126223379629,184.46244984953702,1.0,116.10126223379629,2,0,2,0.0,0.0,2,6.0,8.0,3.0,4.0,0.75,0,2,0.0,2
ffd631ed-b4b9-496b-a25b-848adb2848e2,False,2025-03-31 15:30:43.146000+00:00,2025-08-07 20:43:39.239000+00:00,94,27,129.2173158912037,207.7157517476852,3.4814814814814814,0.02769650462962963,94,51,43,0.5425531914893617,1.186046511627907,94,485.0,316.0,5.159574468085107,3.3617021276595747,1.5348101265822784,5,5,0.8085106382978723,2
